agent,backup_type,seed,episode,train_return,eval_return,avg_max_q,episode_length,eval_length,loss,mellowmax_omega
DQN,dqn,0,1,-168.88990295436895,,0.08103009544450927,108,,,
DQN,dqn,0,2,-96.82296748547297,,0.08756487925847371,75,,,
DQN,dqn,0,3,-149.67881767275748,,0.08701957900948981,94,,,
DQN,dqn,0,4,-287.0894199025323,,0.06587415542907832,123,,,
DQN,dqn,0,5,-130.58817719589157,,0.0723442536905224,81,,,
DQN,dqn,0,6,-241.43499085473914,,0.0660588566500407,117,,,
DQN,dqn,0,7,-192.15855507427926,,0.06842790121462808,67,,,
DQN,dqn,0,8,-108.0774580100515,,0.07343313532031101,115,,,
DQN,dqn,0,9,-122.52932583379904,,0.0759142738287196,66,,,
DQN,dqn,0,10,-123.87379724730185,-518.8842595593608,0.06913040166622714,76,72.2,,
DQN,dqn,0,11,-291.2957239914718,,0.07328083896881914,73,,,
DQN,dqn,0,12,-282.6256508866502,,0.0690075041709748,113,,,
DQN,dqn,0,13,-249.08423050470975,,0.07146584990966533,112,,,
DQN,dqn,0,14,-213.3647140581589,,0.08025126144677014,77,,,
DQN,dqn,0,15,-121.42316189278135,,0.08012152170716239,121,,,
DQN,dqn,0,16,-248.0432005821691,,0.07169662547462127,102,,,
DQN,dqn,0,17,-46.189680886042616,,0.07006858088649236,65,,,
DQN,dqn,0,18,-212.72065265059942,,0.06662574318582065,73,,,
DQN,dqn,0,19,-264.7535237455548,,0.07454986821698106,69,,,
DQN,dqn,0,20,-140.348763465852,-518.8842595593608,0.07572988291149554,69,72.2,,
DQN,dqn,0,21,-106.67443258080633,,0.09954051616723122,92,,,
DQN,dqn,0,22,-109.33393703783022,,0.06763367294225582,86,,,
DQN,dqn,0,23,-120.72338595346093,,0.7799858174557928,79,,2.078324317932129,
DQN,dqn,0,24,-446.08334624952994,,1.8072175056819457,83,,1.6435704374887856,
DQN,dqn,0,25,-286.2081333251604,,1.1063915491104126,141,,1.4427312517419775,
DQN,dqn,0,26,-59.85623163642596,,1.7676815734628368,136,,1.3233974337139551,
DQN,dqn,0,27,-208.3356132753285,,-0.3954510303418629,123,,1.2943969694821815,
DQN,dqn,0,28,-169.60668276303534,,1.2160789510387866,122,,1.1493808818889446,
DQN,dqn,0,29,-209.32525287374375,,-0.07912932821873868,89,,1.1759623230508205,
DQN,dqn,0,30,-2.9065507909985797,-483.23368280406555,-0.17310512880993706,117,285.4,1.1194481600680921,
DQN,dqn,0,31,-80.29770352814785,,1.7406900389410487,109,,1.229780516903335,
DQN,dqn,0,32,-183.77819567927872,,-1.1263303002672838,141,,1.459376057200398,
DQN,dqn,0,33,-64.45102030003274,,1.9839259240213993,106,,1.2302764527640253,
DQN,dqn,0,34,-61.7789870649417,,3.1952358332613633,74,,1.1847253530412107,
DQN,dqn,0,35,-76.92282762413791,,2.490289191347222,86,,1.254271456495274,
DQN,dqn,0,36,-86.80780421692165,,1.9816306622677975,89,,1.1925165514262874,
DQN,dqn,0,37,-98.23375722913731,,1.4566436992751228,90,,1.1672645462883844,
DQN,dqn,0,38,-302.754586684239,,-0.5269275557077089,151,,1.105838666491161,
DQN,dqn,0,39,-101.74630501389576,,3.690257015435592,69,,1.1826813449894173,
DQN,dqn,0,40,-143.55053589418628,-161.10760351893583,2.8524746396962333,85,677.0,1.1395093269207899,
DQN,dqn,0,41,-251.6121368984694,,-1.5485999628640057,114,,1.0987722450181057,
DQN,dqn,0,42,16.80065323177746,,-0.45919894496047936,81,,1.2396420935789745,
DQN,dqn,0,43,-52.94749324743637,,6.06806725679442,86,,1.2569442037926164,
DQN,dqn,0,44,-390.4542571408112,,-4.41698593156996,134,,1.1316487887012425,
DQN,dqn,0,45,-1.7168183145809337,,1.4399601404971265,141,,1.0537559981887221,
DQN,dqn,0,46,-217.27451046944492,,0.480951534672862,105,,1.1842837413152059,
DQN,dqn,0,47,-173.45754843337858,,0.8846524169202894,96,,1.0911883402926226,
DQN,dqn,0,48,-26.757909877619866,,6.967641744348738,72,,1.1098013400203652,
DQN,dqn,0,49,-234.285051355868,,-1.1167876720864174,171,,1.0455350316407388,
DQN,dqn,0,50,-25.843269333937243,-146.30137645173824,5.219680710750468,136,852.2,0.9997187793693122,
DQN,dqn,0,51,-118.83714217676786,,3.9066433209547964,138,,1.185721806102041,
DQN,dqn,0,52,-106.71480503783432,,4.562204753640313,159,,1.0284260443921358,
DQN,dqn,0,53,34.07963539194819,,-10.7078886632137,1000,,1.2034265743643044,
DQN,dqn,0,54,-87.35611587988195,,6.615645127991836,96,,1.242449922176699,
DQN,dqn,0,55,-5.199045932973405,,4.50259464090621,135,,1.2713369612340575,
DQN,dqn,0,56,-76.62333724093416,,4.889289581997795,161,,1.3043090634464478,
DQN,dqn,0,57,-159.9755558798036,,4.853685429534026,113,,1.2656834821785445,
DQN,dqn,0,58,-99.89143847985713,,4.598184670496704,133,,1.3066899159124918,
DQN,dqn,0,59,-296.0730170349216,,-2.9356440288984045,147,,1.3161032858754502,
DQN,dqn,0,60,-60.92607399633161,-151.69594822300706,7.533205923934777,99,1000.0,1.2734496768074806,
DQN,dqn,0,61,-99.00335208144095,,5.838624047700848,140,,1.2258318028279713,
DQN,dqn,0,62,-39.793008085438814,,2.7654434667470364,156,,1.2359490449994037,
DQN,dqn,0,63,-275.7989326726805,,-3.828912416902872,130,,1.2336649543963947,
DQN,dqn,0,64,-80.28160748236508,,8.732530949162502,153,,1.2617296362234875,
DQN,dqn,0,65,-84.21885241135337,,7.138359303032602,143,,1.183120344693844,
DQN,dqn,0,66,-126.85175777451758,,6.190552453547716,100,,1.1832424230873584,
DQN,dqn,0,67,-61.92539778106989,,7.249817928219194,93,,1.3955873824575895,
DQN,dqn,0,68,-50.30885908381163,,7.528841310077244,126,,1.2977553513788043,
DQN,dqn,0,69,-119.73651920856146,,4.467524373340301,195,,1.2068663416764676,
DQN,dqn,0,70,-44.02002288684467,-140.342015087422,7.325922029599165,195,1000.0,1.249761649278494,
DQN,dqn,0,71,-160.18768904749817,,4.004991263324438,129,,1.2412456412648045,
DQN,dqn,0,72,-196.65088794458802,,2.8934348487854002,100,,1.1784917572140694,
DQN,dqn,0,73,-35.12039656440376,,9.358720188078127,76,,1.2949281178022687,
DQN,dqn,0,74,-31.464837242388086,,9.955321892239581,174,,1.2105800023880497,
DQN,dqn,0,75,-72.76100708814273,,10.843823917149528,123,,1.1451907715177148,
DQN,dqn,0,76,-85.79900778850202,,8.897874115083528,115,,1.098528585874516,
DQN,dqn,0,77,-86.67654598512148,,10.58499009067362,165,,1.1747338152293003,
DQN,dqn,0,78,-40.61029688674071,,10.483529673314388,162,,1.1376661157902377,
DQN,dqn,0,79,-2.3575629908013838,,13.236976857565663,163,,1.0428955465372354,
DQN,dqn,0,80,-60.6889137661366,-199.0811306004317,10.284792304312417,109,982.4,1.147518522695664,
DQN,dqn,0,81,-42.49389513500809,,9.39509256521062,199,,1.1944138669787938,
DQN,dqn,0,82,-62.140532892472805,,10.388450855525528,123,,1.150071038947842,
DQN,dqn,0,83,-78.38462653249859,,10.808108238623507,124,,1.1668871391204096,
DQN,dqn,0,84,-29.570558776480183,,13.06822494579398,92,,1.1879308460199314,
DQN,dqn,0,85,-38.721397684469096,,8.190697594903982,156,,1.0478435716567895,
DQN,dqn,0,86,-58.10838158987859,,8.38297142301287,133,,1.0865960273527562,
DQN,dqn,0,87,-54.827336755128876,,8.449285535162755,178,,1.1578091729557916,
DQN,dqn,0,88,-90.13712457780359,,10.42298378723283,124,,1.166128947369514,
DQN,dqn,0,89,-5.1225553403028385,,19.029217811112993,89,,1.1262150467111822,
DQN,dqn,0,90,-73.39996509985988,-363.96965646959427,16.518759674317128,74,862.4,1.1356164519045804,
DQN,dqn,0,91,-96.80781237321682,,12.110546346415173,88,,1.103955445980484,
DQN,dqn,0,92,-45.03390588788194,,12.359060749094537,94,,1.1700832815246378,
DQN,dqn,0,93,-35.03047402134749,,11.225890915517862,173,,1.1339299978548392,
DQN,dqn,0,94,-199.7270467341911,,-5.770605263658441,104,,1.0899761909475694,
DQN,dqn,0,95,-121.20525038372095,,12.61657500050962,100,,1.1380014583468436,
DQN,dqn,0,96,-67.54979236370174,,12.584032250146796,137,,1.122863046009175,
DQN,dqn,0,97,-64.752037422004,,11.92094769784146,216,,1.1358314870546262,
DQN,dqn,0,98,-44.0654665719007,,18.82810096144676,80,,1.11661791279912,
DQN,dqn,0,99,-38.13543080852622,,13.901847663289267,141,,1.094972588808824,
DQN,dqn,0,100,-67.80227605742446,-188.6455232184509,14.855109868778122,189,973.0,1.137116868738775,
DQN,dqn,0,101,-49.36446800620782,,9.079131013443392,124,,1.0568417435692203,
DQN,dqn,0,102,-59.40913118991056,,11.908295668413242,120,,1.0810537313421567,
DQN,dqn,0,103,-32.17574175786059,,17.04596931242113,158,,1.045719572826277,
DQN,dqn,0,104,-62.33467187880095,,14.993265947874855,136,,1.1704445367350298,
DQN,dqn,0,105,-32.04994652379973,,16.119471640739224,133,,1.1628524531099134,
DQN,dqn,0,106,-60.204677726906795,,16.53617573728656,101,,1.1318240215872775,
DQN,dqn,0,107,-66.43885569834696,,17.30698275024241,88,,1.1003721830519764,
DQN,dqn,0,108,-73.8835792331592,,10.237078552772552,197,,1.0985394159549384,
DQN,dqn,0,109,-3.364518036574964,,14.835325841685288,262,,1.0838347178606587,
DQN,dqn,0,110,-35.71330222865217,-177.21836619482204,14.019857120333295,132,1000.0,1.0546589292811626,
DQN,dqn,0,111,-60.707734198319784,,14.790603091967279,138,,1.0505732712538347,
DQN,dqn,0,112,-57.8842316972665,,21.445280996958413,75,,1.0991517329216003,
DQN,dqn,0,113,-21.935961851568507,,17.833209725430137,95,,1.0689903121245534,
DQN,dqn,0,114,-45.57670335536337,,13.910539783398557,161,,1.0391815804546665,
DQN,dqn,0,115,-93.63776665792378,,16.900640501976014,75,,1.0426519020398457,
DQN,dqn,0,116,53.711522497564005,,11.242868752068308,229,,1.045201676511348,
DQN,dqn,0,117,-26.498125566687776,,11.948642165496432,232,,1.018581798749751,
DQN,dqn,0,118,-29.568713430908474,,14.191439447602676,191,,1.202961167895981,
DQN,dqn,0,119,-89.34028519070002,,15.077863012304467,89,,1.1142919341499886,
DQN,dqn,0,120,-28.79129379701446,-165.7500826034692,16.215649987805275,155,589.6,1.11981422612744,
DQN,dqn,0,121,-48.88490280652878,,17.753591063571726,127,,1.0431495644445494,
DQN,dqn,0,122,6.2725458040752216,,11.641070420511916,316,,1.0672925295709055,
DQN,dqn,0,123,-59.37447175353787,,19.797427679510676,85,,1.1248384626472698,
DQN,dqn,0,124,47.31562820237161,,19.741917941930158,106,,1.1771171022698563,
DQN,dqn,0,125,-93.16410632180406,,9.756043623133403,164,,1.1595859605728127,
DQN,dqn,0,126,-8.613375213702597,,13.869636702991317,243,,1.1457738122086467,
DQN,dqn,0,127,-18.565893867897387,,12.599097345346285,324,,1.098336933111703,
DQN,dqn,0,128,-18.0849212323066,,18.8810915855261,130,,1.0492520827513474,
DQN,dqn,0,129,-77.19361639994187,,18.133521189806107,174,,1.1507954352546013,
DQN,dqn,0,130,-25.248327651388024,-220.25263676147287,13.490706201663798,177,372.2,1.1198066107634097,
DQN,dqn,0,131,9.382797856858488,,7.60033013384606,244,,1.101703596041828,
DQN,dqn,0,132,30.583430539743745,,16.183880489961854,116,,1.106523867824982,
DQN,dqn,0,133,-32.574743078774176,,9.359739768017944,520,,1.0993888292175074,
DQN,dqn,0,134,-7.378115122770652,,18.601263889871493,163,,1.1105321077115697,
DQN,dqn,0,135,-11.122565030250655,,28.05802590470565,95,,1.103288387624841,
DQN,dqn,0,136,-31.498659229718342,,14.494059878663203,153,,1.0825185469942156,
DQN,dqn,0,137,-80.34615500004651,,14.922468001267006,145,,1.154044239685453,
DQN,dqn,0,138,13.460318307803377,,23.273386105558927,133,,1.0871548654889702,
DQN,dqn,0,139,-8.683568941480559,,20.490036936853663,173,,1.1608756348232314,
DQN,dqn,0,140,-4.79041186493329,-168.99987401142306,17.490490991736085,229,295.8,1.2752082781239888,
DQN,dqn,0,141,-118.15254325580928,,16.974477526367895,151,,1.1098510561794634,
DQN,dqn,0,142,-13.266956361895978,,19.791961712762713,256,,1.1932517134118825,
DQN,dqn,0,143,-114.41749695237257,,9.137872623006228,722,,1.2072003077602123,
DQN,dqn,0,144,3.7860581353335334,,18.56424235683654,233,,1.1690365898506836,
DQN,dqn,0,145,-108.42498540231598,,11.112649406101687,141,,1.2333348118667062,
DQN,dqn,0,146,-12.168100153024994,,33.34428162641928,71,,1.1256912925713498,
DQN,dqn,0,147,15.175852382289307,,26.11326679674167,103,,1.197867413168972,
DQN,dqn,0,148,-98.40038805633604,,15.326316496022313,139,,1.2107120284931265,
DQN,dqn,0,149,19.490191589654145,,33.404328154128734,103,,1.2228033424002454,
DQN,dqn,0,150,-60.09846571439425,-175.11400977429656,13.010973996975842,510,294.6,1.230823123980971,
DQN,dqn,0,151,-92.34790380844963,,6.158270059291616,337,,1.2164933319792195,
DQN,dqn,0,152,-115.00025054451231,,9.541170760101659,319,,1.254000769606952,
DQN,dqn,0,153,-62.47320442507508,,3.012055051628895,217,,1.225907099961136,
DQN,dqn,0,154,-100.04096279503521,,10.257110442212023,163,,1.2126163999361494,
DQN,dqn,0,155,8.666474659028387,,-20.075179893976077,1000,,1.2810027209818364,
DQN,dqn,0,156,-103.83413530199918,,14.19464070411553,133,,1.2575955104110832,
DQN,dqn,0,157,-58.050186583832215,,13.174461958780885,1000,,1.365111810863018,
DQN,dqn,0,158,-46.88802022025237,,25.632956211463267,115,,1.3481972906900488,
DQN,dqn,0,159,-8.161550949939638,,23.042143176517214,211,,1.3822612789287387,
DQN,dqn,0,160,4.85890560843437,-146.39835028934786,12.505814808279275,1000,323.6,1.3950253202319145,
DQN,dqn,0,161,54.61714663593708,,14.225756876071914,1000,,1.416736505419016,
DQN,dqn,0,162,-16.11176853901189,,27.24258506810007,163,,1.374947909197193,
DQN,dqn,0,163,44.38765759215434,,37.879214242748596,92,,1.401526712205099,
DQN,dqn,0,164,-33.897262455920426,,16.54190005691428,95,,1.434340446873715,
DQN,dqn,0,165,-39.99957494836174,,21.544590373967317,149,,1.3070167783122735,
DQN,dqn,0,166,-62.356828457485676,,-6.349361461631219,233,,1.4026292527949862,
DQN,dqn,0,167,-26.09333958594341,,23.219518318450707,139,,1.5282216080658728,
DQN,dqn,0,168,-45.614795141763906,,13.609818127661944,1000,,1.4387793583273887,
DQN,dqn,0,169,4.556973061704753,,30.667214156937426,137,,1.5379475831550404,
DQN,dqn,0,170,9.867676831235393,-137.61360065484814,4.805138738438487,1000,623.2,1.4785922529399396,
DQN,dqn,0,171,-24.182539509517454,,31.279578267311564,98,,1.6060503757729823,
DQN,dqn,0,172,3.3611429628042515,,37.197182298675784,123,,1.5838721055325453,
DQN,dqn,0,173,31.53878746869275,,14.620367650009692,1000,,1.5881657259464264,
DQN,dqn,0,174,-29.59807815669143,,14.371330512106418,1000,,1.5820958435833454,
DQN,dqn,0,175,25.118326214689407,,14.499334166027605,1000,,1.6037011933326721,
DQN,dqn,0,176,-35.95130580858154,,14.834090837772935,1000,,1.5433789164721965,
DQN,dqn,0,177,7.948883022458801,,31.685015341814825,170,,1.5724035301629236,
DQN,dqn,0,178,-65.44700700926214,,38.23485334988298,87,,1.7638324560790226,
DQN,dqn,0,179,-27.97617489554018,,-10.268400798548944,1000,,1.5894099931716918,
DQN,dqn,0,180,-54.44216308118064,0.633988632472979,19.873452698356576,90,1000.0,1.7113511515988244,
DQN,dqn,0,181,111.3640876353547,,12.799920352488757,1000,,1.599228689044714,
DQN,dqn,0,182,55.753203186517595,,11.70920947888121,1000,,1.606900543063879,
DQN,dqn,0,183,117.42754373036945,,11.384888660589233,1000,,1.617946896880865,
DQN,dqn,0,184,53.69585637857695,,9.27227706465125,1000,,1.5468907748758793,
DQN,dqn,0,185,13.093965541522223,,47.264251008514286,129,,1.586059853088024,
DQN,dqn,0,186,139.14257016509475,,9.651194959696383,1000,,1.640977743089199,
DQN,dqn,0,187,18.674421875042718,,0.008776287943124772,1000,,1.5979205139875412,
DQN,dqn,0,188,87.27910597678598,,10.234104912122712,1000,,1.5872391600608826,
DQN,dqn,0,189,84.03309359413959,,15.705845505565405,1000,,1.6037416982352735,
DQN,dqn,0,190,-132.25195409603026,164.96838778552737,17.267983278342054,113,690.8,1.5181180222899513,
DQN,dqn,0,191,-33.013447688628816,,35.26952081209137,147,,1.5704787547896508,
DQN,dqn,0,192,49.256935685154964,,11.638471806973218,1000,,1.5995228507518768,
DQN,dqn,0,193,-25.857008402846546,,50.26315657023726,116,,1.6575516590784336,
DQN,dqn,0,194,11.516614814800533,,45.16610004978795,155,,1.6284834217640662,
DQN,dqn,0,195,102.72287006119944,,12.71165768168494,1000,,1.548280645996332,
DQN,dqn,0,196,-26.61918135271081,,36.64417126065209,84,,1.5523292287474586,
DQN,dqn,0,197,16.249946196456705,,46.9763604439795,128,,1.528121075592935,
DQN,dqn,0,198,117.3048940675428,,16.18215073135495,1000,,1.563380460947752,
DQN,dqn,0,199,7.910290386518824,,45.97355769309279,146,,1.6035662162793827,
DQN,dqn,0,200,-1.2039298378017094,27.10823463153839,32.03024814544468,109,746.8,1.560531005946868,
DQN,dqn,0,201,141.72018805854646,,13.353553336530924,1000,,1.5404171632528305,
DQN,dqn,0,202,106.30492941803138,,13.426322393178939,1000,,1.54551135674119,
DQN,dqn,0,203,0.34125233034764335,,35.17492629875217,114,,1.559046292252708,
DQN,dqn,0,204,142.05360573217092,,15.066801020622254,1000,,1.5896933136880398,
DQN,dqn,0,205,-4.471764708504679,,57.231022745370865,100,,1.468734724521637,
DQN,dqn,0,206,27.633194163809023,,65.91760377669603,89,,1.4709862899244501,
DQN,dqn,0,207,53.42683063853198,,70.4082671860431,94,,1.6019328103420583,
DQN,dqn,0,208,22.672516032457125,,59.48033138513565,95,,1.52520432472229,
DQN,dqn,0,209,121.79371784805555,,13.41498092019558,1000,,1.5683430940508842,
DQN,dqn,0,210,101.35288072682825,258.41098278196785,13.304841384887695,1000,306.8,1.5814290741980075,
DQN,dqn,0,211,106.72674838686349,,14.114553426027298,1000,,1.547500083953142,
DQN,dqn,0,212,19.02430487979933,,73.31549580530687,88,,1.5109413570978425,
DQN,dqn,0,213,115.53952731960145,,16.370844016075136,1000,,1.5782022382616996,
DQN,dqn,0,214,20.164104451604075,,50.33248435958358,121,,1.6879543327102977,
DQN,dqn,0,215,89.05598593029814,,13.748721579909324,1000,,1.5944647471010684,
DQN,dqn,0,216,35.14813629421738,,65.14838418015489,111,,1.4794758177018381,
DQN,dqn,0,217,129.47814496012515,,15.85533483362198,1000,,1.5483243133127689,
DQN,dqn,0,218,67.73466426124705,,15.349806574374437,1000,,1.5452714609205722,
DQN,dqn,0,219,114.72491326115849,,15.302744674921035,1000,,1.5709622485935688,
DQN,dqn,0,220,23.24882704423456,248.22874772448895,66.49903382460276,120,398.0,1.6604108209411303,
DQN,dqn,0,221,265.22557566986154,,29.02454741591031,388,,1.5269999694578427,
DQN,dqn,0,222,-38.72115064948339,,50.32709185201295,98,,1.5155244652105837,
DQN,dqn,0,223,46.00843964323727,,65.80352833691765,119,,1.4829425015369384,
DQN,dqn,0,224,155.8276388098305,,21.431801998615263,1000,,1.557404324799776,
DQN,dqn,0,225,149.70646987819782,,15.606074542045594,1000,,1.5602209766209125,
DQN,dqn,0,226,40.668435618998444,,70.95486230249946,141,,1.622822829172121,
DQN,dqn,0,227,120.9378752355878,,16.67992859315872,1000,,1.574302113085985,
DQN,dqn,0,228,57.12904745124709,,71.65891815128182,133,,1.6155942665006882,
DQN,dqn,0,229,162.53951781087287,,18.410872088909148,1000,,1.5951763854324819,
DQN,dqn,0,230,252.66145460439188,273.2555861695696,19.99688102982261,792,232.6,1.547508968661229,
DQN,dqn,0,231,-3.5151016369147072,,72.99685855621988,94,,1.4602719963865076,
DQN,dqn,0,232,45.138919084902284,,72.79966208186462,137,,1.6209897816616252,
DQN,dqn,0,233,18.161173723367952,,68.60971020397388,114,,1.51622151910213,
DQN,dqn,0,234,23.628187029383568,,58.037382158366114,132,,1.5646617764776403,
DQN,dqn,0,235,163.76285045635342,,19.98194048500061,1000,,1.5723067297637463,
DQN,dqn,0,236,51.05106248632052,,68.87689178868344,152,,1.6318226231164055,
DQN,dqn,0,237,151.45571348392127,,16.548352184295656,1000,,1.5286284254789353,
DQN,dqn,0,238,-115.63977343827985,,21.584522474541174,233,,1.4718797709553026,
DQN,dqn,0,239,133.3833985980712,,17.256594246864317,1000,,1.50767412173748,
DQN,dqn,0,240,22.32132388426278,222.59808381037692,58.776602155559665,182,274.4,1.4644836403511383,
DQN,dqn,0,241,28.976511556134227,,68.4175487496387,174,,1.4446135903226918,
DQN,dqn,0,242,23.978534853493315,,72.13611757344214,116,,1.5121699278724605,
DQN,dqn,0,243,112.64971094230121,,18.220146166324614,1000,,1.4886431956589221,
DQN,dqn,0,244,-30.876356650518787,,70.73962139475692,103,,1.444725517509053,
DQN,dqn,0,245,23.194752397590065,,70.97347723113165,144,,1.5741088297218084,
DQN,dqn,0,246,138.75586357742574,,19.273915205955504,1000,,1.494689183741808,
DQN,dqn,0,247,150.83811103378528,,19.59643044862151,1000,,1.493725303441286,
DQN,dqn,0,248,-14.30333478105534,,73.29371638691754,109,,1.4350648161468156,
DQN,dqn,0,249,134.14942495599698,,26.892654562592508,1000,,1.4265455776154996,
DQN,dqn,0,250,122.50940496586405,263.30453850344117,18.40877997636795,1000,242.6,1.4236293512284757,
DQN,dqn,0,251,156.05595655187133,,19.795122738361357,1000,,1.3861172098219394,
DQN,dqn,0,252,139.14813141408558,,18.61921004676819,1000,,1.363511587500572,
DQN,dqn,0,253,143.64331676757482,,19.277960334300996,1000,,1.351756933003664,
DQN,dqn,0,254,26.26804194652567,,81.76430571312999,102,,1.2964994264583962,
DQN,dqn,0,255,30.555778723581994,,86.26400203515988,101,,1.3181417917851175,
DQN,dqn,0,256,152.08716980896546,,20.71141073179245,1000,,1.34177309563756,
DQN,dqn,0,257,-30.7543327561406,,79.43991560935974,100,,1.3196236139535904,
DQN,dqn,0,258,9.78634936783314,,72.79045148049632,124,,1.3655771372779724,
DQN,dqn,0,259,54.110855742046795,,85.22467390696208,84,,1.3274301393401056,
DQN,dqn,0,260,21.66974857809734,172.8073179573694,80.22352497094597,153,813.4,1.320976438865163,
DQN,dqn,0,261,23.48121429695182,,79.52405367670832,111,,1.4124496638237893,
DQN,dqn,0,262,163.78657189090487,,19.684128825187685,1000,,1.3308206550478936,
DQN,dqn,0,263,37.89589935028923,,67.06231365000555,129,,1.2122998186784197,
DQN,dqn,0,264,126.01198024825742,,19.139365167617797,1000,,1.2822488504946232,
DQN,dqn,0,265,81.76845153764158,,29.783078391872348,1000,,1.3047932674884797,
DQN,dqn,0,266,0.05120721259619643,,83.8584827724256,95,,1.274462648441917,
DQN,dqn,0,267,187.80536898384895,,29.43117385974218,696,,1.3019391346680023,
DQN,dqn,0,268,146.94778086969097,,28.50131619900465,1000,,1.2703102057576179,
DQN,dqn,0,269,53.15212681347825,,87.31763790023159,142,,1.2933931226881457,
DQN,dqn,0,270,3.07453978985356,207.34841159563288,80.8049843007868,110,499.2,1.241386306014928,
DQN,dqn,0,271,145.76285888905093,,21.183926291152837,1000,,1.223042829722166,
DQN,dqn,0,272,15.719422698926877,,89.51188377900557,88,,1.161886751651764,
DQN,dqn,0,273,51.90602027807088,,84.78696422015919,136,,1.2156399698818432,
DQN,dqn,0,274,136.74800809377902,,19.218976391077042,1000,,1.2448535252511501,
DQN,dqn,0,275,19.966199044932438,,78.76239808400472,138,,1.2084934262261875,
DQN,dqn,0,276,9.57073262649645,,86.35875871446397,108,,1.2717815011187836,
DQN,dqn,0,277,179.69388132298232,,25.122118895173074,1000,,1.2241560043096542,
DQN,dqn,0,278,42.314253314722265,,89.62293147586641,105,,1.236843346414112,
DQN,dqn,0,279,127.09903849342814,,22.628657631874084,1000,,1.179953471660614,
DQN,dqn,0,280,65.47118757139481,182.1520904980062,74.90722406966776,158,800.0,1.1852837197388275,
DQN,dqn,0,281,-25.19085067193633,,74.10640606225705,153,,1.1460374100925097,
DQN,dqn,0,282,10.040855934527343,,82.8189047241211,125,,1.0953633170127868,
DQN,dqn,0,283,129.57912900867976,,20.227135115146638,1000,,1.1947539312243463,
DQN,dqn,0,284,36.19525951243736,,91.41770578810006,121,,1.0872429264478447,
DQN,dqn,0,285,52.46540506460774,,31.803167304992677,1000,,1.1532616681456567,
DQN,dqn,0,286,183.4731073056907,,22.271125466346742,1000,,1.0996960869878531,
DQN,dqn,0,287,259.14426539432657,,25.342682744554907,965,,1.1391187362720312,
DQN,dqn,0,288,23.72311322970539,,89.99836572647095,100,,1.2016220447421073,
DQN,dqn,0,289,176.76418103276976,,21.709393674850464,1000,,1.1309967120587825,
DQN,dqn,0,290,59.15260939497563,206.08560989375246,96.36666706932915,90,715.8,1.086382559935252,
DQN,dqn,0,291,19.69557161482696,,88.04382050832113,120,,1.205106723556916,
DQN,dqn,0,292,98.66339426706372,,24.94673729133606,1000,,1.0764314250349998,
DQN,dqn,0,293,-12.596012425751965,,63.86579007044267,178,,1.1164658399445286,
DQN,dqn,0,294,20.508936411038846,,75.78712380450705,115,,1.2074627479781275,
DQN,dqn,0,295,-22.84200310071853,,72.40688576231832,115,,1.0857376407022061,
DQN,dqn,0,296,132.3063110856445,,21.903487959861756,1000,,1.098451082855463,
DQN,dqn,0,297,26.438373510291328,,88.27228451674839,106,,1.1102255265105445,
DQN,dqn,0,298,119.9107524773086,,21.570014397621154,1000,,1.1064872952848672,
DQN,dqn,0,299,95.56765622658033,,23.139128305435182,1000,,1.0832894916832447,
DQN,dqn,0,300,279.916525064444,220.82953378341728,55.897046803446955,243,540.0,1.0167707111609816,
DQN,dqn,0,301,185.44944961089217,,21.381935804367064,1000,,1.0637353312075137,
DQN,dqn,0,302,165.85668138587442,,25.870531498908996,1000,,1.0270392949581146,
DQN,dqn,0,303,6.621028280233801,,90.78899469301682,129,,0.9758299547572469,
DQN,dqn,0,304,159.4681068474768,,23.975716975688933,1000,,1.022068286716938,
DQN,dqn,0,305,158.77709866760833,,20.995400486946107,1000,,1.0244056302011013,
DQN,dqn,0,306,2.936913444091303,,86.4177261396896,129,,0.9612725977749788,
DQN,dqn,0,307,110.65185454986864,,32.927378704071046,1000,,0.978192599594593,
DQN,dqn,0,308,110.47214007949654,,19.568729158639908,1000,,0.9476167727559804,
DQN,dqn,0,309,142.47419149140867,,22.83541223144531,1000,,0.953688496440649,
DQN,dqn,0,310,36.07702201875264,217.55459825682178,79.66832387062811,124,569.8,0.8794597931686909,
DQN,dqn,0,311,180.26075698980748,,26.86674474492669,1000,,0.8865751341879368,
DQN,dqn,0,312,121.35468253767297,,26.28572690343857,1000,,0.8819988909214735,
DQN,dqn,0,313,119.78459028559041,,20.0630561337471,1000,,0.9090715882480145,
DQN,dqn,0,314,264.3244922377332,,23.303139750195633,967,,0.8403443632938253,
DQN,dqn,0,315,27.73675483004685,,88.33567341554512,103,,0.8074905318253248,
DQN,dqn,0,316,163.65111575879564,,22.84374988126755,1000,,0.8294582074135541,
DQN,dqn,0,317,144.00491065765416,,20.310340805053713,1000,,0.8389660478234291,
DQN,dqn,0,318,146.5273425144442,,21.707243015289308,1000,,0.7860294979810715,
DQN,dqn,0,319,124.54744961131105,,21.83759734392166,1000,,0.7827043451219797,
DQN,dqn,0,320,12.967590255270991,232.94104056638693,67.67337109060848,136,406.6,0.8397650329724831,
DQN,dqn,0,321,156.41855313799198,,25.4869410200119,1000,,0.7709708857238293,
DQN,dqn,0,322,-23.453885413150516,,69.20815848996563,155,,0.7799535476392315,
DQN,dqn,0,323,15.088398738656977,,77.70393927456581,146,,0.8078484610743719,
DQN,dqn,0,324,154.60559636252745,,34.50927005195618,1000,,0.8029335773438215,
DQN,dqn,0,325,226.2679427910748,,26.404276323605732,664,,0.8192234754517494,
DQN,dqn,0,326,147.425136279203,,20.058110047340392,1000,,0.7580615825951099,
DQN,dqn,0,327,21.76187689718344,,79.74332684031604,169,,0.7440925982929546,
DQN,dqn,0,328,156.72347245143078,,20.849874440193176,1000,,0.7392660320848227,
DQN,dqn,0,329,209.04210631989287,,31.281266837191346,811,,0.7408429068569484,
DQN,dqn,0,330,235.65853983106882,177.2061490427077,42.85427014967974,323,837.2,0.6984340401810389,
DQN,dqn,0,331,183.5476839510412,,22.991925831794738,1000,,0.6563429177105427,
DQN,dqn,0,332,258.0234711864964,,32.08464520587247,481,,0.655883569913198,
DQN,dqn,0,333,284.24840452920523,,56.852601423496154,246,,0.6684957400448923,
DQN,dqn,0,334,-5.650111710157944,,93.28423579355304,89,,0.6064800338798695,
DQN,dqn,0,335,22.439497758822895,,80.94110411482971,154,,0.5929273460786064,
DQN,dqn,0,336,161.47572369982234,,21.620543544769287,1000,,0.6404475698173047,
DQN,dqn,0,337,169.1266103615212,,22.67181478404999,1000,,0.6090743242055178,
DQN,dqn,0,338,153.57655449258417,,26.096756922721863,1000,,0.5982687396854163,
DQN,dqn,0,339,131.8672593052034,,24.24800517463684,1000,,0.6054542477205396,
DQN,dqn,0,340,166.68502607073617,234.38341495453096,20.440161440849305,1000,565.8,0.5306859454959632,
DQN,dqn,0,341,-37.1218748946461,,96.86702975104836,68,,0.5765017777243081,
DQN,dqn,0,342,167.304823848052,,22.88373545074463,1000,,0.5400535203516483,
DQN,dqn,0,343,152.98944481829437,,22.267819301605225,1000,,0.5152261767089367,
DQN,dqn,0,344,152.84947855537584,,21.10789445209503,1000,,0.501739707954228,
DQN,dqn,0,345,168.06237107310037,,24.807146852493286,1000,,0.4726683318838477,
DQN,dqn,0,346,154.7651786370966,,22.96100620555878,1000,,0.4917973680347204,
DQN,dqn,0,347,153.3261739492607,,19.576784440040587,1000,,0.44597762610763314,
DQN,dqn,0,348,129.97735467739733,,22.571683418273924,1000,,0.4561618732511997,
DQN,dqn,0,349,178.69871696097934,,30.4948816280365,1000,,0.4220435542613268,
DQN,dqn,0,350,155.6518254175705,263.90607210020636,23.940237132072447,1000,412.0,0.4240347460657358,
DQN,dqn,0,351,115.5958529765866,,22.07789529132843,1000,,0.44137410571426156,
DQN,dqn,0,352,105.81888807649139,,26.645052557945252,1000,,0.39454906042665244,
DQN,dqn,0,353,143.94405674259232,,20.825702377319335,1000,,0.399929060831666,
DQN,dqn,0,354,231.79218968755308,,51.59836833178997,384,,0.37505025302137557,
DQN,dqn,0,355,16.513174083897454,,73.35627577999445,127,,0.3879152113410432,
DQN,dqn,0,356,251.46227399441548,,25.320040029412116,621,,0.3654142999706637,
DQN,dqn,0,357,24.3329654669172,,96.70771757761638,96,,0.3668615824232499,
DQN,dqn,0,358,162.25292660170362,,22.509214838027955,1000,,0.38302560391277074,
DQN,dqn,0,359,166.92376996693397,,22.548714770793914,1000,,0.3723876622058451,
DQN,dqn,0,360,16.716441021397358,183.8013685670739,100.3578115304311,120,868.0,0.3612108752752344,
DQN,dqn,0,361,-5.583641136820816,,100.24128103256226,76,,0.3140084622917991,
DQN,dqn,0,362,164.66209738282276,,23.186537945747375,1000,,0.36504756996035576,
DQN,dqn,0,363,137.9232422469085,,24.689690826416015,1000,,0.3731421958580613,
DQN,dqn,0,364,229.97870361839554,,34.676095195730035,569,,0.3555251725921522,
DQN,dqn,0,365,21.218814258512765,,102.53447854398478,99,,0.36855767471621736,
DQN,dqn,0,366,128.81926092312676,,23.662470675468445,1000,,0.3615491998195648,
DQN,dqn,0,367,124.34844374108756,,20.328063334941863,1000,,0.3461064894422889,
DQN,dqn,0,368,124.87784802545649,,19.92612847137451,1000,,0.32134077601134775,
DQN,dqn,0,369,178.73243166330604,,20.698454449653624,1000,,0.32018658315390347,
DQN,dqn,0,370,18.75730515374721,249.85057541935527,104.06966564219485,93,253.2,0.32499899643082775,
DQN,dqn,0,371,2.023393754374652,,98.81874016848478,110,,0.28628387437625363,
DQN,dqn,0,372,22.339927198343588,,105.66427855491638,95,,0.3451633507483884,
DQN,dqn,0,373,65.63248015176865,,92.81288527018988,134,,0.2906000730651083,
DQN,dqn,0,374,142.174180207511,,19.12520017147064,1000,,0.3505542106404901,
DQN,dqn,0,375,39.816165067362476,,88.14165310329861,135,,0.3684751412106885,
DQN,dqn,0,376,50.94224874618442,,106.2435037612915,90,,0.32276272980703247,
DQN,dqn,0,377,19.356331805302517,,95.5423610828541,108,,0.3414790295754318,
DQN,dqn,0,378,170.02261004926237,,19.025234477519987,1000,,0.37570834239572287,
DQN,dqn,0,379,270.6916306933539,,36.97774416644399,410,,0.3400942538024449,
DQN,dqn,0,380,-5.672262573305673,229.53944707907903,107.36941879272462,75,185.8,0.26988658636808394,
DQN,dqn,0,381,260.2626175489216,,44.828847045898435,300,,0.32667090428372225,
DQN,dqn,0,382,259.3777391454799,,43.09512345565647,307,,0.3147764027070145,
DQN,dqn,0,383,146.15311373341743,,23.5031400308609,1000,,0.3360352582335472,
DQN,dqn,0,384,53.71473045005342,,97.43251963608138,131,,0.37412523347457854,
DQN,dqn,0,385,22.71027270729347,,109.96422392901252,85,,0.26464722301153576,
DQN,dqn,0,386,1.926663440513849,,105.86661571460766,91,,0.3134651935690052,
DQN,dqn,0,387,-6.553853692625353,,104.88571476030954,79,,0.2666169631330273,
DQN,dqn,0,388,2.7898880418885312,,103.8615104598999,125,,0.297250692486763,
DQN,dqn,0,389,23.12444852419371,,108.12018194580078,125,,0.38344942456483844,
DQN,dqn,0,390,152.09468752979484,135.99607975318102,22.331447858810424,1000,524.8,0.3497711981013417,
DQN,dqn,0,391,157.63559046503366,,20.91775781393051,1000,,0.3323371230699122,
DQN,dqn,0,392,157.9016663823305,,25.325120817661286,1000,,0.33081551346555355,
DQN,dqn,0,393,17.850393470939267,,106.81435601688126,103,,0.35432718766545784,
DQN,dqn,0,394,-0.7779391469042451,,97.31431024339464,90,,0.35079053255418935,
DQN,dqn,0,395,172.6216220588032,,24.282216529369354,1000,,0.33722810685262083,
DQN,dqn,0,396,120.38582862284477,,19.933181828975677,1000,,0.2931409957893193,
DQN,dqn,0,397,251.47694684227523,,23.879839222247785,650,,0.29451033622026446,
DQN,dqn,0,398,31.0796497315022,,107.79263876210088,115,,0.3321346956750621,
DQN,dqn,0,399,179.20213179069847,,25.76411406517029,1000,,0.30850286170467733,
DQN,dqn,0,400,27.9046064827552,226.55925978285708,100.25366729986472,122,299.0,0.3185720341127427,
DQN,dqn,0,401,25.58118918913418,,101.61105442848526,119,,0.3105352441428088,
DQN,dqn,0,402,42.84848553540428,,100.41468527737786,136,,0.31182398310150294,
DQN,dqn,0,403,38.276292232582904,,86.54113463532153,139,,0.2717610575097928,
DQN,dqn,0,404,236.86582471303564,,40.41498625518693,794,,0.2852400764494534,
DQN,dqn,0,405,16.172494695192484,,98.9745832824707,100,,0.3091668426245451,
DQN,dqn,0,406,23.909185597893668,,101.79065457019178,91,,0.35131808182040414,
DQN,dqn,0,407,64.14469228523649,,108.48691183236929,130,,0.3105934251386386,
DQN,dqn,0,408,-9.17574162677424,,112.09853897842706,102,,0.3239074396517347,
DQN,dqn,0,409,51.740188738428714,,100.7184700738816,126,,0.32775074066150756,
DQN,dqn,0,410,28.071828324635277,186.43533501575317,100.72697667573628,95,152.2,0.3321378375354566,
DQN,dqn,0,411,48.761862321337645,,104.3884071773953,90,,0.28450539761947263,
DQN,dqn,0,412,145.37427752371477,,20.310550106048584,1000,,0.2986513882726431,
DQN,dqn,0,413,269.39303900705977,,23.379109171957804,928,,0.3122008749733454,
DQN,dqn,0,414,23.787624870440766,,116.48433740139008,80,,0.4287443106994033,
DQN,dqn,0,415,283.38151668207064,,33.81447478483743,559,,0.3078438180077268,
DQN,dqn,0,416,24.57566551784538,,96.33776802789598,105,,0.32891618190776734,
DQN,dqn,0,417,143.7421740247865,,21.066321372509,1000,,0.31305495944991707,
DQN,dqn,0,418,168.63942255028397,,18.42658664274216,1000,,0.29563985887542366,
DQN,dqn,0,419,255.94835344872598,,26.870275135887297,608,,0.3043097832828368,
DQN,dqn,0,420,163.40863993780522,282.2082037973342,17.94559801721573,1000,198.8,0.26613556753098966,
DQN,dqn,0,421,9.582183187509514,,112.8381886100769,100,,0.2926527177542448,
DQN,dqn,0,422,34.21520526394971,,112.88076545346168,124,,0.31420661803455124,
DQN,dqn,0,423,248.9863291820435,,24.115417890049955,631,,0.28706020377753466,
DQN,dqn,0,424,15.153262096746886,,101.58266190422906,90,,0.3034599838571416,
DQN,dqn,0,425,214.73353231344268,,23.809489006519318,1000,,0.2958237126991153,
DQN,dqn,0,426,45.678520711815395,,123.3972826871005,121,,0.23774072709531824,
DQN,dqn,0,427,-8.825667827128598,,111.58858851643352,77,,0.21795855273867581,
DQN,dqn,0,428,144.2725529308603,,22.147073623657228,1000,,0.2982791678644717,
DQN,dqn,0,429,32.069428149449976,,107.65226561023343,124,,0.29764501846605734,
DQN,dqn,0,430,188.57437621955071,107.66192472967097,18.808399822235106,1000,163.8,0.3039187828414142,
DQN,dqn,0,431,44.188386509446474,,110.64828698635101,80,,0.28202050756663083,
DQN,dqn,0,432,277.521599483975,,52.28345853909136,313,,0.27668364573353393,
DQN,dqn,0,433,46.22949611749348,,98.82084881680683,103,,0.2654197572649104,
DQN,dqn,0,434,31.005536474945643,,114.13387124849402,115,,0.32576196271440255,
DQN,dqn,0,435,25.06955662134841,,111.30821887306546,92,,0.3534962451490371,
DQN,dqn,0,436,47.29083408787545,,100.32007568873716,89,,0.2763832094294302,
DQN,dqn,0,437,2.512776684175094,,128.0953598022461,81,,0.30511351895553096,
DQN,dqn,0,438,19.31841231417745,,99.99764552685099,109,,0.2824591552377294,
DQN,dqn,0,439,255.18230518424556,,36.08538046604445,357,,0.2880964670382461,
DQN,dqn,0,440,16.18406097546263,158.5058022700311,124.92495250701904,96,654.2,0.26596915589955944,
DQN,dqn,0,441,55.8884639101762,,100.85939682489153,87,,0.349541965443855,
DQN,dqn,0,442,-3.6255547686474188,,104.2046018771911,89,,0.2813627642443341,
DQN,dqn,0,443,49.65298932989114,,108.33515803019206,138,,0.2970296359364537,
DQN,dqn,0,444,56.356405559692035,,105.34373644048517,110,,0.3065595911985094,
DQN,dqn,0,445,17.33285896952789,,95.48772377663471,94,,0.36958816948723283,
DQN,dqn,0,446,60.46926320654194,,105.4949353974441,87,,0.33112495097106903,
DQN,dqn,0,447,281.0181171128482,,24.85774293948131,785,,0.3116787550223481,
DQN,dqn,0,448,41.239479776851425,,99.74169519597834,110,,0.32333496317944743,
DQN,dqn,0,449,253.40891359762847,,20.47592962590034,892,,0.3065338991874737,
DQN,dqn,0,450,-45.26108367944242,75.81059233452436,110.29417324066162,81,130.4,0.2612376349667708,
DQN,dqn,0,451,44.54983956315877,,94.83160328865051,128,,0.30369884113315493,
DQN,dqn,0,452,6.499467301620214,,107.43942657624832,99,,0.24285416903369356,
DQN,dqn,0,453,38.36525875489602,,115.67886934185972,101,,0.2640235497809873,
DQN,dqn,0,454,27.95415512716899,,116.52207226907053,93,,0.2921431169554751,
DQN,dqn,0,455,-0.4063303525641686,,121.42560135315512,107,,0.3207032056960547,
DQN,dqn,0,456,257.14372088802577,,22.722235731074683,760,,0.3030756674118732,
DQN,dqn,0,457,175.16931271851863,,19.89342640018463,1000,,0.31106759038195014,
DQN,dqn,0,458,53.39182140108258,,98.89008774901882,132,,0.31664664888133603,
DQN,dqn,0,459,20.939095264482503,,96.31823888506209,140,,0.31073362289794854,
DQN,dqn,0,460,62.604932966346524,130.65415387964345,120.55407336500825,122,132.6,0.3143442356500958,
DQN,dqn,0,461,126.47707964287083,,17.153000847816468,1000,,0.30547049082815647,
DQN,dqn,0,462,28.845414412851852,,122.68378895085033,123,,0.34159521267908377,
DQN,dqn,0,463,119.73373747160718,,16.101595098495483,1000,,0.3168799304664135,
DQN,dqn,0,464,-203.7553293051276,,159.5485070426509,106,,0.37842908445394263,
DQN,dqn,0,465,-6.839049270997862,,122.14068782222164,111,,0.33265651353039183,
DQN,dqn,0,466,36.601621165726584,,121.88323069485752,110,,0.3241443916139278,
DQN,dqn,0,467,272.90403098822094,,27.972296734063843,643,,0.3167683043130449,
DQN,dqn,0,468,11.03936858359205,,100.6870886484782,99,,0.28122799343081434,
DQN,dqn,0,469,18.78183275505441,,103.63676826840356,105,,0.2807098516396114,
DQN,dqn,0,470,49.000446188493754,236.66110235263213,103.05909041700691,87,193.0,0.36211994744237813,
DQN,dqn,0,471,18.92867426727787,,125.09556050020106,85,,0.41551793778643886,
DQN,dqn,0,472,264.6101294364339,,30.768523102666176,466,,0.3312195620135816,
DQN,dqn,0,473,155.62787291321058,,16.20454929971695,1000,,0.32040896717086437,
DQN,dqn,0,474,18.923347216782616,,102.14398493350132,103,,0.35813255184917775,
DQN,dqn,0,475,196.1610546550058,,18.15524144458771,1000,,0.3122695230320096,
DQN,dqn,0,476,180.98378634922665,,19.07196606016159,1000,,0.3417130500636995,
DQN,dqn,0,477,31.58246825993686,,110.56631733820988,117,,0.3127478721877958,
DQN,dqn,0,478,180.7985824950634,,21.246505791664124,1000,,0.334894239410758,
DQN,dqn,0,479,248.18397105875093,,49.78948702943434,218,,0.2841653850681465,
DQN,dqn,0,480,28.49230188034244,182.769020858,123.05528585116069,96,507.8,0.32198788904740167,
DQN,dqn,0,481,152.76685228848783,,17.667745843887328,1000,,0.3311895705088973,
DQN,dqn,0,482,159.19238440238524,,17.278305048942567,1000,,0.31618591928854584,
DQN,dqn,0,483,146.51852001651875,,16.095400149345398,1000,,0.333661097291857,
DQN,dqn,0,484,141.9270246752455,,20.748694868087767,1000,,0.31613495030626654,
DQN,dqn,0,485,125.75934038273076,,14.879140918254853,1000,,0.3241752071157098,
DQN,dqn,0,486,254.25970419635507,,49.68247753305638,235,,0.33504190903077735,
DQN,dqn,0,487,26.746305023731594,,119.20558726323115,77,,0.25215287564636824,
DQN,dqn,0,488,-171.87272353076207,,122.82844284833487,118,,0.2728753489899938,
DQN,dqn,0,489,276.21164449156754,,22.820640885942844,739,,0.3077382887228416,
DQN,dqn,0,490,288.5545299384538,178.9403325417922,45.596879757056804,354,834.4,0.343428507805039,
DQN,dqn,0,491,242.4877799842432,,21.45504394105787,659,,0.3235932644993655,
DQN,dqn,0,492,280.2096250228011,,25.342320071457344,809,,0.3243045465760532,
DQN,dqn,0,493,295.0542586539265,,35.19797962282333,489,,0.3078051205107405,
DQN,dqn,0,494,0.6846085604431664,,102.32668546910556,106,,0.33370860388397044,
DQN,dqn,0,495,265.49446328379423,,30.24783804007251,495,,0.3324873004823622,
DQN,dqn,0,496,240.6023295434471,,44.00498460443228,298,,0.2936369754099006,
DQN,dqn,0,497,232.82112830898822,,18.330002166079236,770,,0.3161858748451069,
DQN,dqn,0,498,183.08504242959,,20.603079669475555,1000,,0.3109082007035613,
DQN,dqn,0,499,282.63911731152984,,23.819767339677,778,,0.3065772956251562,
DQN,dqn,0,500,279.5526853739052,254.59299619179933,34.475691784511916,660,357.6,0.30068000425782165,
DQN,dqn,0,501,20.703723051764584,,107.24841267974288,108,,0.27471487451758647,
DQN,dqn,0,502,220.7111336122107,,44.83170009321637,288,,0.30947621456450886,
DQN,dqn,0,503,270.51927609122265,,16.849367871208134,687,,0.31022271443988036,
DQN,dqn,0,504,282.4664413640695,,61.80466301132132,216,,0.27205825019282875,
DQN,dqn,0,505,0.832222170485565,,108.40504001195615,104,,0.4106143534255142,
DQN,dqn,0,506,273.33096910686555,,37.82302033417549,419,,0.3302635248608194,
DQN,dqn,0,507,252.06026788895198,,19.230064894366205,806,,0.34565662048183954,
DQN,dqn,0,508,258.8927233174841,,33.21361073807104,402,,0.29826859692435953,
DQN,dqn,0,509,247.4343279122117,,37.43155693371148,337,,0.33702321184760387,
DQN,dqn,0,510,289.94330505055507,273.1136084769796,50.632334704350946,297,247.6,0.307264685956918,
DQN,dqn,0,511,295.03130190227114,,18.960690258043403,883,,0.31865279993732143,
DQN,dqn,0,512,167.16392865615327,,16.405112905025483,1000,,0.35816538049280644,
DQN,dqn,0,513,-69.7280181047671,,99.36080674564137,102,,0.23246178147839566,
DQN,dqn,0,514,26.025360369941936,,110.63852628259097,85,,0.29801675024278024,
DQN,dqn,0,515,286.0267178319197,,51.778770906516755,251,,0.3277041268538669,
DQN,dqn,0,516,158.09608427454913,,17.220658196926117,1000,,0.33092513361573217,
DQN,dqn,0,517,20.6490510885414,,98.24149353439743,111,,0.3286529774400028,
DQN,dqn,0,518,164.83775826555373,,19.230224290132522,1000,,0.3370218694396317,
DQN,dqn,0,519,11.279159492754047,,103.33231242835944,141,,0.3325451319997615,
DQN,dqn,0,520,-12.385428719990088,269.8133416016461,98.54614038028936,87,297.0,0.33153639810866325,
DQN,dqn,0,521,277.57605433281276,,18.553584166247436,891,,0.3272062997834383,
DQN,dqn,0,522,260.5574234914508,,19.10764156437953,831,,0.3192538958172864,
DQN,dqn,0,523,1.0801886268388046,,81.20953779603228,162,,0.376019173566206,
DQN,dqn,0,524,262.22736002951694,,32.277063297728695,384,,0.31125386572481756,
DQN,dqn,0,525,311.49952874341903,,48.622325500039494,425,,0.3298697196999017,
DQN,dqn,0,526,181.46814973928406,,16.04861291074753,1000,,0.35759681249782443,
DQN,dqn,0,527,1.3910807768459676,,84.7217591603597,111,,0.34596373174373096,
DQN,dqn,0,528,129.1737436764614,,17.556485377311706,1000,,0.33184031227231026,
DQN,dqn,0,529,-23.1829267883887,,76.16064862865042,249,,0.3305165708124877,
DQN,dqn,0,530,143.58674008227933,249.25101017997002,15.198785085439683,1000,418.4,0.32613807398080824,
DQN,dqn,0,531,157.41153358799681,,15.604303268432616,1000,,0.3418294465132058,
DQN,dqn,0,532,268.644878013407,,23.206499192449783,612,,0.3380273224152868,
DQN,dqn,0,533,14.842768018815605,,102.88770175933838,100,,0.4045332445949316,
DQN,dqn,0,534,158.5349950807312,,17.46121354365349,1000,,0.3259097898304462,
DQN,dqn,0,535,153.64874054256444,,19.858771077394486,1000,,0.33854201196506617,
DQN,dqn,0,536,237.91388444241966,,57.36516710396471,232,,0.35775416689635864,
DQN,dqn,0,537,274.7425039485835,,29.58776602929242,466,,0.33374526832940243,
DQN,dqn,0,538,274.1747905807863,,32.940226957242785,365,,0.3066634804928956,
DQN,dqn,0,539,134.1820411820165,,22.703704967975618,1000,,0.3100421358384192,
DQN,dqn,0,540,274.9578026612648,271.39825073981746,20.991128835720996,667,234.6,0.32403256586086804,
DQN,dqn,0,541,245.84066384228578,,33.84833003793444,364,,0.342226749951286,
DQN,dqn,0,542,292.5693414926767,,34.23814869153528,421,,0.35557005433210853,
DQN,dqn,0,543,291.252382032568,,51.53246472591211,242,,0.29058776198586156,
DQN,dqn,0,544,244.65701470912396,,18.454147884197404,912,,0.3024627123305803,
DQN,dqn,0,545,285.6599756856524,,41.38788534737573,609,,0.3343648263031528,
DQN,dqn,0,546,256.62416588334384,,27.90781824420197,495,,0.3485918976291262,
DQN,dqn,0,547,287.61590886005814,,27.33836027739614,459,,0.33004593743672817,
DQN,dqn,0,548,238.07965982923116,,41.060274157193625,404,,0.3174851753490765,
DQN,dqn,0,549,254.78235595282655,,18.25360860413327,858,,0.3140129736453156,
DQN,dqn,0,550,300.9015700434963,196.06169625406136,37.414652369053066,466,335.4,0.3249540607576846,
DQN,dqn,0,551,264.3257367685443,,46.874595978488664,292,,0.33970466119632736,
DQN,dqn,0,552,268.43573815335026,,61.00349192569653,576,,0.3323025601631444,
DQN,dqn,0,553,283.50404668689976,,30.574005205841626,408,,0.32864908548985045,
DQN,dqn,0,554,270.78985247077026,,48.22449887059141,229,,0.32445421087754867,
DQN,dqn,0,555,43.9883110132196,,113.63777927160262,80,,0.31665347297675905,
DQN,dqn,0,556,303.71081723622603,,70.75661428186424,259,,0.3434149994151703,
DQN,dqn,0,557,190.928337123748,,19.204924820661546,1000,,0.33536385948583486,
DQN,dqn,0,558,267.57345791113755,,37.73150761630557,327,,0.3136905874567112,
DQN,dqn,0,559,297.334281440229,,73.75831723375386,147,,0.33726607126240826,
DQN,dqn,0,560,-135.7639296346248,118.17727028900522,106.98708458833916,86,1000.0,0.27806527483775173,
DQN,dqn,0,561,177.04270659250255,,15.599861445903779,1000,,0.31706508123874666,
DQN,dqn,0,562,284.2918332386423,,25.82495272110112,482,,0.3926253105393955,
DQN,dqn,0,563,158.5502866886294,,18.787390734672545,1000,,0.33806233189627527,
DQN,dqn,0,564,279.05366897066233,,67.10715170988102,194,,0.2926305194298938,
DQN,dqn,0,565,259.7424286850892,,25.95029134511688,919,,0.34681812581384275,
DQN,dqn,0,566,271.55678424756866,,24.856490499316116,624,,0.3684393178301457,
DQN,dqn,0,567,265.8853628873765,,25.3890798311292,489,,0.34586946630435245,
DQN,dqn,0,568,132.06549103069847,,16.064550772190096,1000,,0.33141807769052684,
DQN,dqn,0,569,262.5552103227476,,25.228225517555103,676,,0.3330782947417062,
DQN,dqn,0,570,280.01433588630744,272.38930210150636,54.558260899323685,312,217.2,0.33583581298350906,
DQN,dqn,0,571,270.44610674575847,,43.80620578344395,267,,0.33359807170229905,
DQN,dqn,0,572,294.8129518396827,,46.292942681095816,352,,0.3323681864845143,
DQN,dqn,0,573,258.28270786007846,,22.619719085923162,581,,0.33701617822769175,
DQN,dqn,0,574,299.8242629253617,,34.67017109453793,519,,0.3213912917010357,
DQN,dqn,0,575,310.7431614154883,,55.958173410070636,293,,0.3194876597374169,
DQN,dqn,0,576,288.14517096313847,,38.45612339470714,313,,0.3409712695347044,
DQN,dqn,0,577,309.7295957156233,,48.42579467643594,426,,0.33670102051533585,
DQN,dqn,0,578,285.4024168615024,,32.08554271443685,375,,0.3537176857491334,
DQN,dqn,0,579,296.79507358123044,,24.965413838521833,578,,0.32706513572935414,
DQN,dqn,0,580,279.3956242629339,178.96012529561943,39.11168759641513,284,523.0,0.34139923025971985,
DQN,dqn,0,581,163.4277332614527,,16.956400331735612,1000,,0.3603920471556485,
DQN,dqn,0,582,188.34910209688803,,18.20366675615311,1000,,0.3228766379393637,
DQN,dqn,0,583,261.9329459642514,,19.070300777710422,929,,0.3524764662265649,
DQN,dqn,0,584,296.24770699565124,,32.811735902377265,499,,0.348883203960552,
DQN,dqn,0,585,272.66870527820913,,40.467013541367756,633,,0.3164004210859396,
DQN,dqn,0,586,250.45607107466807,,17.462146123250324,918,,0.33352591366403633,
DQN,dqn,0,587,270.9559261451407,,35.6109032134215,336,,0.32476525098484543,
DQN,dqn,0,588,276.9350114664953,,21.149143336884745,904,,0.316108046161357,
DQN,dqn,0,589,279.6997460077521,,46.962038919281106,307,,0.3270769369476005,
DQN,dqn,0,590,-14.364672877295476,254.32149725251537,100.69563708098039,115,705.6,0.306057085679925,
DQN,dqn,0,591,24.430215243543415,,99.78056689231626,124,,0.24305114327299018,
DQN,dqn,0,592,278.3867586704539,,37.401066146484794,292,,0.3497328044247035,
DQN,dqn,0,593,276.56763728210694,,52.27827541184516,263,,0.32248881532892076,
DQN,dqn,0,594,28.890462122856206,,92.86063614487648,128,,0.33191362107754685,
DQN,dqn,0,595,68.42965616996523,,103.33791721189344,148,,0.3176308558700052,
DQN,dqn,0,596,250.64787103820203,,45.23609507462335,252,,0.349919591069458,
DQN,dqn,0,597,56.36391191347167,,102.95025404801605,141,,0.32106536124826324,
DQN,dqn,0,598,254.2787305306655,,53.181952041625976,250,,0.3650280859321356,
DQN,dqn,0,599,258.7351314407791,,26.861038028640273,646,,0.330373673460478,
DQN,dqn,0,600,258.32472845619134,200.52178608634185,40.59772979736328,400,185.2,0.3328625925630331,
Double DQN,double_dqn,0,1,-168.88990295436895,,0.08103009544450927,108,,,
Double DQN,double_dqn,0,2,-96.82296748547297,,0.08756487925847371,75,,,
Double DQN,double_dqn,0,3,-149.67881767275748,,0.08701957900948981,94,,,
Double DQN,double_dqn,0,4,-287.0894199025323,,0.06587415542907832,123,,,
Double DQN,double_dqn,0,5,-130.58817719589157,,0.0723442536905224,81,,,
Double DQN,double_dqn,0,6,-241.43499085473914,,0.0660588566500407,117,,,
Double DQN,double_dqn,0,7,-192.15855507427926,,0.06842790121462808,67,,,
Double DQN,double_dqn,0,8,-108.0774580100515,,0.07343313532031101,115,,,
Double DQN,double_dqn,0,9,-122.52932583379904,,0.0759142738287196,66,,,
Double DQN,double_dqn,0,10,-123.87379724730185,-518.8842595593608,0.06913040166622714,76,72.2,,
Double DQN,double_dqn,0,11,-291.2957239914718,,0.07328083896881914,73,,,
Double DQN,double_dqn,0,12,-282.6256508866502,,0.0690075041709748,113,,,
Double DQN,double_dqn,0,13,-249.08423050470975,,0.07146584990966533,112,,,
Double DQN,double_dqn,0,14,-213.3647140581589,,0.08025126144677014,77,,,
Double DQN,double_dqn,0,15,-121.42316189278135,,0.08012152170716239,121,,,
Double DQN,double_dqn,0,16,-248.0432005821691,,0.07169662547462127,102,,,
Double DQN,double_dqn,0,17,-46.189680886042616,,0.07006858088649236,65,,,
Double DQN,double_dqn,0,18,-212.72065265059942,,0.06662574318582065,73,,,
Double DQN,double_dqn,0,19,-264.7535237455548,,0.07454986821698106,69,,,
Double DQN,double_dqn,0,20,-140.348763465852,-518.8842595593608,0.07572988291149554,69,72.2,,
Double DQN,double_dqn,0,21,-106.67443258080633,,0.09954051616723122,92,,,
Double DQN,double_dqn,0,22,-109.33393703783022,,0.06763367294225582,86,,,
Double DQN,double_dqn,0,23,-120.72338595346093,,0.7602196395208564,79,,2.087758665939547,
Double DQN,double_dqn,0,24,-446.08334624952994,,1.7995516571653896,83,,1.6433864160474525,
Double DQN,double_dqn,0,25,-286.2081333251604,,1.0055946025548252,141,,1.4438176087453856,
Double DQN,double_dqn,0,26,-59.85623163642596,,1.7127672495073913,136,,1.3245934761841507,
Double DQN,double_dqn,0,27,-208.3356132753285,,-0.4510520695958559,123,,1.2947766562787497,
Double DQN,double_dqn,0,28,-169.60668276303534,,1.1827451847188297,122,,1.1492784101454938,
Double DQN,double_dqn,0,29,-209.32525287374375,,-0.15565264530563622,89,,1.175496764564782,
Double DQN,double_dqn,0,30,-2.9065507909985797,-490.79203437264306,-0.23790993125965962,117,321.6,1.1190920062044747,
Double DQN,double_dqn,0,31,-80.29770352814785,,1.674715814911205,109,,1.2305138413238963,
Double DQN,double_dqn,0,32,-183.77819567927872,,-1.1714001783031098,141,,1.4619567590825102,
Double DQN,double_dqn,0,33,-64.45102030003274,,1.9202558909947018,106,,1.2321852305025425,
Double DQN,double_dqn,0,34,-61.7789870649417,,3.2301492047672338,74,,1.190709440692051,
Double DQN,double_dqn,0,35,-76.92282762413791,,2.4036953376476156,86,,1.2677563699178918,
Double DQN,double_dqn,0,36,-86.80780421692165,,1.8554284755098687,89,,1.2068170191866627,
Double DQN,double_dqn,0,37,-98.23375722913731,,1.3444635646210776,90,,1.1759883167015182,
Double DQN,double_dqn,0,38,-66.33751062475359,,1.5050639773484404,131,,1.1056545558776565,
Double DQN,double_dqn,0,39,-76.0159850228969,,4.588977358557961,77,,1.1326046744724372,
Double DQN,double_dqn,0,40,-109.44999073387163,-96.88961261645207,1.245706044891967,79,845.4,1.197877266738988,
Double DQN,double_dqn,0,41,-51.41899931134781,,2.8249515335386,72,,1.133452482935455,
Double DQN,double_dqn,0,42,-188.80983767945406,,1.4201757593409103,102,,1.2121777142964156,
Double DQN,double_dqn,0,43,-128.790412686976,,2.9747804897607013,93,,1.21659213673043,
Double DQN,double_dqn,0,44,-97.9775246310522,,3.291130244731903,111,,1.0557043039583944,
Double DQN,double_dqn,0,45,-111.52914543424947,,2.820371091365814,106,,1.039063720911179,
Double DQN,double_dqn,0,46,-201.31566606463593,,-1.0499191845634155,112,,0.9443780569625753,
Double DQN,double_dqn,0,47,-61.863534894962015,,-2.988768122782392,121,,1.1406578757792465,
Double DQN,double_dqn,0,48,-93.68922356360477,,0.8796418522085462,84,,1.0783383730976355,
Double DQN,double_dqn,0,49,-264.29988378316745,,-7.776641304744407,100,,1.0181201228499412,
Double DQN,double_dqn,0,50,-69.44989906548382,-59.534199325812075,4.196022095869888,110,844.8,1.0691560993140394,
Double DQN,double_dqn,0,51,-142.048554650391,,3.486488659250534,118,,1.0057133210159965,
Double DQN,double_dqn,0,52,-210.845359606015,,0.8106510355317778,129,,1.3010178044322849,
Double DQN,double_dqn,0,53,-132.9373738535274,,3.919139195690232,155,,1.0436811190459037,
Double DQN,double_dqn,0,54,-88.95570151640881,,2.601377342384437,145,,1.077975691392504,
Double DQN,double_dqn,0,55,-99.33975855546808,,2.8836909342374835,143,,1.0103966530177977,
Double DQN,double_dqn,0,56,-37.69629008816557,,3.9694655983747835,167,,1.0988462086387738,
Double DQN,double_dqn,0,57,-12.19261440308756,,9.058677140768472,77,,1.0870206986928914,
Double DQN,double_dqn,0,58,-105.24364430404526,,2.511999698332798,81,,1.0676606976323657,
Double DQN,double_dqn,0,59,-62.6026715695616,,4.3662735147884595,162,,1.0994173006878958,
Double DQN,double_dqn,0,60,-220.03823609900186,-131.93270751240348,4.6189466166095094,208,965.0,1.0829306343713632,
Double DQN,double_dqn,0,61,-29.38922876249414,,6.618851441089238,107,,1.1712802077565239,
Double DQN,double_dqn,0,62,-146.3680908261143,,3.521032246668915,91,,1.07866359772263,
Double DQN,double_dqn,0,63,-63.05694717577509,,4.269081245400483,158,,1.0318830987509293,
Double DQN,double_dqn,0,64,-80.75709367870658,,7.696159303790391,99,,1.0739718851718036,
Double DQN,double_dqn,0,65,-98.42796552074304,,4.727093579810719,215,,1.0077467375716498,
Double DQN,double_dqn,0,66,-84.89751497098615,,8.093417049736106,93,,0.9911515837715518,
Double DQN,double_dqn,0,67,-133.2022286905697,,3.912769464519003,116,,1.160104405006458,
Double DQN,double_dqn,0,68,-169.6041279991266,,4.640071106136293,133,,1.034865888101714,
Double DQN,double_dqn,0,69,-130.53574587730952,,3.2174026477444277,111,,1.0357776533912968,
Double DQN,double_dqn,0,70,-129.95444400950535,-135.57899554911677,3.602332484415349,68,932.4,1.0735961698433931,
Double DQN,double_dqn,0,71,-245.51351603074312,,-8.21343086290676,113,,0.965774376571706,
Double DQN,double_dqn,0,72,-87.69080462416056,,5.997872781683535,149,,0.912789255580646,
Double DQN,double_dqn,0,73,14.973341523728564,,8.695041512496003,107,,0.9808607477451039,
Double DQN,double_dqn,0,74,-74.0201774287934,,6.173756746458821,160,,0.9593450973741711,
Double DQN,double_dqn,0,75,-82.23970570138545,,7.815285739898681,100,,1.0995206297934055,
Double DQN,double_dqn,0,76,-58.03643689519299,,9.932172970889612,86,,1.0272335744527883,
Double DQN,double_dqn,0,77,-79.80261145769168,,6.800212699474779,159,,1.0476672845254154,
Double DQN,double_dqn,0,78,-10.341464035060227,,5.844723156990449,163,,0.9780146133131776,
Double DQN,double_dqn,0,79,-78.07891841268113,,9.23021453492185,94,,1.008603833298734,
Double DQN,double_dqn,0,80,34.69989974537913,-131.66404518321318,3.596265098985347,179,971.8,1.0576306320934987,
Double DQN,double_dqn,0,81,-48.97718011578337,,10.056001589848446,78,,1.0700875583749552,
Double DQN,double_dqn,0,82,3.8882252214740163,,7.397583059851939,195,,1.0834408186949216,
Double DQN,double_dqn,0,83,-78.30512482901648,,8.249349085184244,104,,1.1381624533006778,
Double DQN,double_dqn,0,84,-89.75616717683776,,8.710215361511453,94,,0.8743127855531713,
Double DQN,double_dqn,0,85,-92.72986315087907,,8.803193670330625,132,,1.1357927229819875,
Double DQN,double_dqn,0,86,-65.03262626343837,,8.680013252043091,113,,1.137700791643784,
Double DQN,double_dqn,0,87,-67.31289398542948,,14.799378199709786,72,,1.083718414314919,
Double DQN,double_dqn,0,88,-44.70061279324261,,10.829727301030482,103,,0.9432389575590208,
Double DQN,double_dqn,0,89,-162.31637389349126,,3.7653067121793935,182,,0.9687917617323635,
Double DQN,double_dqn,0,90,-274.656828444065,-124.5824880747439,-1.1121141205565268,119,1000.0,1.059928659380985,
Double DQN,double_dqn,0,91,-16.36488146490781,,12.22197994621851,93,,1.0650222868688646,
Double DQN,double_dqn,0,92,-70.5805198222455,,9.554770435227288,180,,1.0047202304005622,
Double DQN,double_dqn,0,93,-55.10810604476691,,11.37536057719478,108,,0.9713199527727233,
Double DQN,double_dqn,0,94,-69.30602324571791,,13.30688770030226,70,,1.0690223817314422,
Double DQN,double_dqn,0,95,-70.18280360365804,,11.848341387637118,94,,1.099281295182857,
Double DQN,double_dqn,0,96,-57.576262166242905,,11.017675918026974,95,,0.931167315181933,
Double DQN,double_dqn,0,97,-0.6076228694781207,,13.141762948218192,131,,1.038701376387181,
Double DQN,double_dqn,0,98,-50.77749909983815,,4.513592862374299,143,,1.0363093282167728,
Double DQN,double_dqn,0,99,-26.081245757927647,,8.231505986465061,138,,1.0019709743235423,
Double DQN,double_dqn,0,100,-111.54870364703483,-154.3881074553831,8.232521938819152,130,1000.0,1.0910633651109842,
Double DQN,double_dqn,0,101,-76.0194549821286,,8.402199494247345,223,,1.0316311083566982,
Double DQN,double_dqn,0,102,-36.63344683061992,,10.630934607964463,164,,0.9932422448040509,
Double DQN,double_dqn,0,103,1.9775930060470444,,9.736947241117214,145,,0.9890810831867415,
Double DQN,double_dqn,0,104,-41.17446478735857,,8.14161115251725,153,,1.002168079217275,
Double DQN,double_dqn,0,105,-46.62843346883389,,10.404705032588929,127,,0.9765434116125107,
Double DQN,double_dqn,0,106,-23.237000929919105,,18.07330437544938,91,,0.996652052625195,
Double DQN,double_dqn,0,107,-30.520416699374124,,13.024353300110768,177,,1.0489165021874811,
Double DQN,double_dqn,0,108,-62.81860845196091,,12.862109822034835,90,,0.9040384935008154,
Double DQN,double_dqn,0,109,16.162017165660444,,15.201348774624567,137,,0.9966907313052755,
Double DQN,double_dqn,0,110,-33.28520538610552,-212.2570776148833,11.965946175835349,121,683.4,1.0380248487734598,
Double DQN,double_dqn,0,111,-70.58945364272137,,14.408199446463804,109,,0.9050827953246755,
Double DQN,double_dqn,0,112,-55.74027731814899,,12.391264682971173,161,,0.9045100810920229,
Double DQN,double_dqn,0,113,-13.634677092381068,,12.318925273946569,158,,0.9756694172002092,
Double DQN,double_dqn,0,114,-16.18632521326421,,11.272788634213308,144,,1.11753863023801,
Double DQN,double_dqn,0,115,-41.20053284871724,,13.92294790968299,128,,1.0481311411131173,
Double DQN,double_dqn,0,116,-57.30014077208836,,7.470855054921574,225,,1.0248872956964705,
Double DQN,double_dqn,0,117,18.44134165203296,,3.857485073760152,1000,,1.0458054753541945,
Double DQN,double_dqn,0,118,-28.194805182253546,,15.470808586064916,137,,1.0324634832404826,
Double DQN,double_dqn,0,119,-32.03026119856652,,10.958368438827105,242,,1.02415885967164,
Double DQN,double_dqn,0,120,-61.081792392773544,-250.35069332491875,11.326260699645468,152,386.2,1.0518663856936128,
Double DQN,double_dqn,0,121,-137.3638165568413,,7.496917893443633,109,,1.2279375832562054,
Double DQN,double_dqn,0,122,2.762185382224473,,11.749127115396892,272,,1.0607493084800594,
Double DQN,double_dqn,0,123,-32.187444290255826,,15.354487110356816,183,,1.0151309311552776,
Double DQN,double_dqn,0,124,-9.731781451988752,,18.251122161133647,146,,1.045171221641645,
Double DQN,double_dqn,0,125,-37.88037788395276,,15.684334502500647,136,,1.03808553341557,
Double DQN,double_dqn,0,126,-29.294151959720878,,16.96717880322383,104,,1.083416077809838,
Double DQN,double_dqn,0,127,-10.353123556750518,,18.476798083506473,147,,1.156708725050193,
Double DQN,double_dqn,0,128,-165.43229778398575,,11.33272994869817,137,,1.0522414488296439,
Double DQN,double_dqn,0,129,-31.38375580203781,,14.223123187516011,147,,1.071058375089347,
Double DQN,double_dqn,0,130,-17.16760650985752,-202.80191164951444,10.11058082026684,311,514.0,1.0496121671805427,
Double DQN,double_dqn,0,131,-91.11076467562972,,10.871331278831905,262,,0.9893923786305289,
Double DQN,double_dqn,0,132,12.940930324943551,,17.494709433697576,199,,1.1197761269520277,
Double DQN,double_dqn,0,133,-101.63530650809413,,11.831932199716569,250,,1.0889954042434693,
Double DQN,double_dqn,0,134,-49.66682331495791,,17.231871140195476,155,,1.0457843845890413,
Double DQN,double_dqn,0,135,-13.085184810600666,,27.51670142425888,87,,1.0820409340419987,
Double DQN,double_dqn,0,136,-27.156515236215114,,19.023513998273465,139,,1.0637782310410369,
Double DQN,double_dqn,0,137,-95.39634982362544,,11.960485156065499,153,,0.9997554361041076,
Double DQN,double_dqn,0,138,-70.46641671775298,,8.923910057821939,129,,1.1261434589707575,
Double DQN,double_dqn,0,139,-33.73976564062555,,13.49518035871056,247,,1.0675000133302048,
Double DQN,double_dqn,0,140,-49.97522574794928,-214.06134635553767,24.037510150863277,124,336.0,1.002614877156673,
Double DQN,double_dqn,0,141,10.059624697662203,,6.103887246882543,1000,,1.0648418030142783,
Double DQN,double_dqn,0,142,-16.416598109467458,,18.04296553388555,235,,1.12802802958387,
Double DQN,double_dqn,0,143,37.54188170967052,,23.53984466476703,127,,1.167538296519302,
Double DQN,double_dqn,0,144,-46.999811531950755,,11.739058029446614,407,,1.1692973996263172,
Double DQN,double_dqn,0,145,-72.22985813423946,,12.207775354385376,318,,1.1643579837473683,
Double DQN,double_dqn,0,146,26.788770425832,,20.89236094002709,163,,1.179795361186829,
Double DQN,double_dqn,0,147,-20.556475465964866,,25.04040136677878,140,,1.0898776282157216,
Double DQN,double_dqn,0,148,4.420402057448882,,22.67525862446127,129,,1.1546546726725821,
Double DQN,double_dqn,0,149,4.642495240695126,,13.036168290461813,140,,1.2862932624561445,
Double DQN,double_dqn,0,150,-24.49098651237503,-164.89709819777173,25.365235332881703,85,675.6,1.154389845273074,
Double DQN,double_dqn,0,151,-5.211629548785711,,9.567048671036959,1000,,1.1928627097904683,
Double DQN,double_dqn,0,152,20.01109059925723,,28.123973309993744,116,,1.167522713798901,
Double DQN,double_dqn,0,153,-25.617123993537092,,22.981568646564913,89,,1.0985766987452346,
Double DQN,double_dqn,0,154,-271.1494175893316,,12.099996708439761,631,,1.227640530859045,
Double DQN,double_dqn,0,155,-62.75469274986888,,8.145485213169685,325,,1.310644364815492,
Double DQN,double_dqn,0,156,28.28923639830495,,33.11486951173362,118,,1.2556376583495383,
Double DQN,double_dqn,0,157,62.37942832741511,,8.097184572564437,1000,,1.3370095348656177,
Double DQN,double_dqn,0,158,-45.707900378439675,,24.341028537236006,102,,1.3425659589907701,
Double DQN,double_dqn,0,159,-53.409523621728226,,18.301579644944933,90,,1.3705265664392048,
Double DQN,double_dqn,0,160,22.667312044575368,-136.15461254577463,9.467267417175695,1000,504.2,1.39885074031353,
Double DQN,double_dqn,0,161,63.31030071174128,,12.513407077703626,1000,,1.4548183651566506,
Double DQN,double_dqn,0,162,-51.20065025427559,,27.05742658029391,127,,1.5734564216118159,
Double DQN,double_dqn,0,163,40.46946983371078,,11.264769618317485,1000,,1.5928366968929768,
Double DQN,double_dqn,0,164,57.30984399564842,,11.487407683253288,1000,,1.5385422081947326,
Double DQN,double_dqn,0,165,-56.56334565952616,,11.031900211941773,197,,1.5217465712939422,
Double DQN,double_dqn,0,166,100.618039529568,,12.227146988868713,1000,,1.5632733466029167,
Double DQN,double_dqn,0,167,11.835879528086963,,33.14589372189606,136,,1.561673897154191,
Double DQN,double_dqn,0,168,43.2001219278266,,12.577033243119716,1000,,1.5792879014313221,
Double DQN,double_dqn,0,169,109.70652933408671,,11.413064830064773,1000,,1.6016448042988778,
Double DQN,double_dqn,0,170,8.625566175593775,-14.98843367354869,29.06404219309489,150,782.2,1.5335770344734192,
Double DQN,double_dqn,0,171,82.68202163768953,,13.454960381746291,1000,,1.5301934759020805,
Double DQN,double_dqn,0,172,40.130573090366696,,11.88008500880003,1000,,1.5853750134706497,
Double DQN,double_dqn,0,173,67.43685596595881,,12.361933027029037,1000,,1.5751633847653865,
Double DQN,double_dqn,0,174,-58.97179310839954,,26.035010398517954,110,,1.5830466920679265,
Double DQN,double_dqn,0,175,-3.8071381813343805,,43.58394592180164,109,,1.5379848819260205,
Double DQN,double_dqn,0,176,-87.7761742820061,,32.77653130888939,72,,1.5826268179549112,
Double DQN,double_dqn,0,177,-59.83293887633086,,38.57997429247984,97,,1.6112951494983792,
Double DQN,double_dqn,0,178,-0.5828958672930042,,37.878628568334896,91,,1.5795727535918518,
Double DQN,double_dqn,0,179,-60.468677907677815,,29.037089827097006,197,,1.4680345796691585,
Double DQN,double_dqn,0,180,-71.79000100612645,-35.86691293268202,33.717364762073906,78,1000.0,1.487251980182452,
Double DQN,double_dqn,0,181,102.37621929043365,,14.35910593700409,1000,,1.5578689048290253,
Double DQN,double_dqn,0,182,-30.311468437468207,,27.754512323066592,64,,1.5723297242075205,
Double DQN,double_dqn,0,183,126.42774525093216,,10.629397682189941,1000,,1.5083399088978768,
Double DQN,double_dqn,0,184,6.717463180198834,,46.65747075999548,109,,1.5300547256382233,
Double DQN,double_dqn,0,185,1.9066224350474101,,41.5603813034296,75,,1.5127975273132324,
Double DQN,double_dqn,0,186,-25.853710246063798,,48.695351311501035,94,,1.5118317604064941,
Double DQN,double_dqn,0,187,-91.84927519945248,,18.130472974343732,88,,1.4610182317820462,
Double DQN,double_dqn,0,188,2.3171027025098283,,38.882254780847816,158,,1.4146770072888724,
Double DQN,double_dqn,0,189,23.24088303428212,,39.55893858648696,106,,1.4584389328956604,
Double DQN,double_dqn,0,190,76.48892120161045,7.153691232471905,23.15844656133652,1000,939.8,1.5124988416433334,
Double DQN,double_dqn,0,191,-23.273016168482584,,46.50754196530297,105,,1.5404778100195384,
Double DQN,double_dqn,0,192,-67.85747549531,,29.81505214740865,307,,1.5054273744165314,
Double DQN,double_dqn,0,193,106.02935624064511,,12.169499437287449,1000,,1.53551733481884,
Double DQN,double_dqn,0,194,-28.660836280001348,,42.5051992940314,81,,1.4949959752000408,
Double DQN,double_dqn,0,195,-26.157944284971848,,48.13597743893847,81,,1.4502861242235443,
Double DQN,double_dqn,0,196,84.8135027698269,,13.181762310743332,1000,,1.483014957487583,
Double DQN,double_dqn,0,197,-14.341786543829514,,46.522126038869224,84,,1.518490079612959,
Double DQN,double_dqn,0,198,18.228875106652993,,39.491192520192236,113,,1.5223892478816277,
Double DQN,double_dqn,0,199,125.12275427798697,,13.31050445353985,1000,,1.4496281964182853,
Double DQN,double_dqn,0,200,-10.854730273376916,-29.49348289859581,47.70910170640838,89,1000.0,1.4386644082122975,
Double DQN,double_dqn,0,201,135.2020105575486,,16.871441802978516,1000,,1.451778735756874,
Double DQN,double_dqn,0,202,21.611647075066983,,52.165613632453116,95,,1.4425502890034725,
Double DQN,double_dqn,0,203,92.40783353798577,,22.876084168344736,1000,,1.4152713023126124,
Double DQN,double_dqn,0,204,-11.743095926074773,,50.69646066482936,107,,1.3462382599572156,
Double DQN,double_dqn,0,205,-63.794968622327644,,42.490561625887366,85,,1.3678789938197415,
Double DQN,double_dqn,0,206,17.994118656621694,,35.77472564246919,117,,1.3883979570152414,
Double DQN,double_dqn,0,207,10.714027818142085,,43.113166734451006,119,,1.3554625586301339,
Double DQN,double_dqn,0,208,107.44890495486314,,12.705011138677596,1000,,1.3802095548808575,
Double DQN,double_dqn,0,209,125.40628032152965,,12.560634319245816,1000,,1.3848400378227235,
Double DQN,double_dqn,0,210,-6.701213641907003,137.61612311125123,50.45118793239438,123,807.2,1.337708480959016,
Double DQN,double_dqn,0,211,15.821866092852048,,47.83027627574864,134,,1.376821388281993,
Double DQN,double_dqn,0,212,143.16213274740082,,12.149519505739212,1000,,1.3270929084420204,
Double DQN,double_dqn,0,213,135.7034531006819,,11.109670602798461,1000,,1.3557675204277038,
Double DQN,double_dqn,0,214,90.83194170996607,,11.486693955510855,1000,,1.3581754586696624,
Double DQN,double_dqn,0,215,31.279927368495322,,61.21069268243654,84,,1.3022732983032863,
Double DQN,double_dqn,0,216,117.93369137130286,,13.84328602385521,1000,,1.2989889806509018,
Double DQN,double_dqn,0,217,-32.265094059079814,,48.542969453650024,104,,1.2816545441746712,
Double DQN,double_dqn,0,218,31.0054211061273,,55.41765934626262,120,,1.2046397492289542,
Double DQN,double_dqn,0,219,50.552446385184055,,16.1916603256464,1000,,1.3009992086291313,
Double DQN,double_dqn,0,220,9.157891213579973,236.23608143919233,57.81867969370334,107,368.2,1.2867807461836627,
Double DQN,double_dqn,0,221,120.77664192821416,,13.629924524784089,1000,,1.2802156309485435,
Double DQN,double_dqn,0,222,68.17218015071671,,26.675394656121732,1000,,1.2731327069103717,
Double DQN,double_dqn,0,223,1.1984171423876262,,49.121560266462424,118,,1.394948786598141,
Double DQN,double_dqn,0,224,-22.257832809175554,,48.146150425076485,128,,1.3887224714271724,
Double DQN,double_dqn,0,225,143.5938749755476,,15.781049893140793,1000,,1.3150152213573456,
Double DQN,double_dqn,0,226,-8.523192500530229,,62.640606660952514,87,,1.2615507779450252,
Double DQN,double_dqn,0,227,141.0839749212754,,18.57689439970255,1000,,1.2741303088366984,
Double DQN,double_dqn,0,228,-1.6170874552460077,,64.28090249461893,81,,1.2716923738703316,
Double DQN,double_dqn,0,229,-16.29950126039492,,65.71583846678217,83,,1.2723271286631206,
Double DQN,double_dqn,0,230,-16.699164550304047,118.46705880702561,68.9267563925849,90,1000.0,1.2181497404972712,
Double DQN,double_dqn,0,231,-25.23301145404281,,61.13503184318542,90,,1.3882012688451344,
Double DQN,double_dqn,0,232,-60.276280327082674,,43.882137771606445,125,,1.2951981630325318,
Double DQN,double_dqn,0,233,45.53585983171203,,63.944678775265686,117,,1.3317052556408777,
Double DQN,double_dqn,0,234,158.83041166962852,,14.302070592880249,1000,,1.281941808104515,
Double DQN,double_dqn,0,235,146.22139340505265,,10.32766741156578,1000,,1.2608067699968815,
Double DQN,double_dqn,0,236,264.0581062219183,,21.54404792667907,405,,1.2350502203276128,
Double DQN,double_dqn,0,237,67.76503275362226,,21.23543572872877,1000,,1.1947364604771138,
Double DQN,double_dqn,0,238,-4.768028618949117,,43.65874048190958,102,,1.305986343645582,
Double DQN,double_dqn,0,239,-14.544191370395794,,67.22358173734686,89,,1.2561946008982283,
Double DQN,double_dqn,0,240,129.21431336120284,253.62479152318383,11.538366029381752,1000,248.8,1.1830303294658662,
Double DQN,double_dqn,0,241,-0.756633868867425,,62.515672232793726,92,,1.3177019681619562,
Double DQN,double_dqn,0,242,94.01870380077109,,11.827933519423008,1000,,1.1765299188196658,
Double DQN,double_dqn,0,243,-12.804215078501315,,62.6105000713084,101,,1.1489305006395472,
Double DQN,double_dqn,0,244,-31.699141656099087,,61.99778915585106,117,,1.21850835894927,
Double DQN,double_dqn,0,245,50.21393364752535,,68.84753118645061,110,,1.2449120472777973,
Double DQN,double_dqn,0,246,106.81449057090937,,11.921055726766586,1000,,1.1740303184688092,
Double DQN,double_dqn,0,247,114.25942988696677,,12.783948067426682,1000,,1.1980413871705533,
Double DQN,double_dqn,0,248,13.831357936015479,,61.52146484267037,106,,1.131676656457613,
Double DQN,double_dqn,0,249,113.23169801263424,,19.004715731620788,1000,,1.1723768633306026,
Double DQN,double_dqn,0,250,132.07346655441484,153.61241367678355,13.26658899986744,1000,853.8,1.1613197996616365,
Double DQN,double_dqn,0,251,1.852071324955844,,65.05238908934362,103,,1.1830775743549309,
Double DQN,double_dqn,0,252,19.985184310189766,,52.48337885400523,115,,1.1607435884683028,
Double DQN,double_dqn,0,253,25.222151401519497,,69.69386459497305,130,,1.1593810611046278,
Double DQN,double_dqn,0,254,10.861245953005252,,74.3360806107521,86,,1.212344659968864,
Double DQN,double_dqn,0,255,33.3267295919448,,64.61087943689667,137,,1.2382385343530753,
Double DQN,double_dqn,0,256,1.3107672537211386,,70.8499474681559,105,,1.2289521492662885,
Double DQN,double_dqn,0,257,108.69266666894407,,12.696594408273697,1000,,1.1359927956163882,
Double DQN,double_dqn,0,258,31.264263714630943,,64.40256445345126,152,,1.2118273167625855,
Double DQN,double_dqn,0,259,115.92522183693127,,14.821358391284942,1000,,1.1931312018334865,
Double DQN,double_dqn,0,260,125.65763868509725,189.6321571873947,13.887474038362503,1000,822.6,1.1209532679319383,
Double DQN,double_dqn,0,261,-1.9743754043166604,,70.94463854157523,89,,1.0495745328704962,
Double DQN,double_dqn,0,262,153.3297268161758,,13.386136018753051,1000,,1.1195519288778306,
Double DQN,double_dqn,0,263,-12.388015144750355,,65.95548029282155,78,,0.9631622643806995,
Double DQN,double_dqn,0,264,89.04490863008778,,23.5822285695076,1000,,1.0712708183825017,
Double DQN,double_dqn,0,265,253.01845973646903,,12.092899648963936,891,,1.0937823285291224,
Double DQN,double_dqn,0,266,121.9908004692307,,17.55431016302109,1000,,1.102056510090828,
Double DQN,double_dqn,0,267,27.81560202291712,,77.72052140235901,80,,1.1778417143970727,
Double DQN,double_dqn,0,268,158.2328903376564,,17.012258982300757,1000,,1.063969343185425,
Double DQN,double_dqn,0,269,81.47160797949647,,24.926065234184264,1000,,1.0455573512464762,
Double DQN,double_dqn,0,270,12.993414927603084,187.54012725869146,69.39622378879123,90,276.8,0.9878051350514094,
Double DQN,double_dqn,0,271,127.51242545904915,,15.38656557559967,1000,,1.0464536666572093,
Double DQN,double_dqn,0,272,52.58808371713408,,24.86000395441055,1000,,1.0072442899644374,
Double DQN,double_dqn,0,273,211.30059175992818,,42.6289995032007,275,,0.9633010522885757,
Double DQN,double_dqn,0,274,128.28426352081584,,15.146028957605361,1000,,1.0029080902934076,
Double DQN,double_dqn,0,275,7.08882564703589,,79.73500425969401,93,,0.902948954413014,
Double DQN,double_dqn,0,276,-24.59253253982017,,71.24758966791798,71,,0.8905764696463733,
Double DQN,double_dqn,0,277,113.05979406280376,,15.974362144231796,1000,,0.9929934906363487,
Double DQN,double_dqn,0,278,10.24557688033559,,76.8664771330984,95,,0.9599829808661812,
Double DQN,double_dqn,0,279,146.4532658607898,,15.527246380329132,1000,,0.9832255834341049,
Double DQN,double_dqn,0,280,28.30957024497272,218.88357020772818,64.17139357426127,122,469.2,0.9895837712483327,
Double DQN,double_dqn,0,281,-1.9983646614343087,,75.95596532363157,65,,0.8217982915731576,
Double DQN,double_dqn,0,282,109.67947206588833,,15.715840782165527,1000,,0.9389560694992543,
Double DQN,double_dqn,0,283,4.739535265442825,,92.95367162068685,75,,0.9840341516335805,
Double DQN,double_dqn,0,284,156.3692758050086,,13.622045859575271,1000,,0.9275097227245569,
Double DQN,double_dqn,0,285,149.6258904328204,,14.964335604906083,1000,,0.9088534475564957,
Double DQN,double_dqn,0,286,69.10599575849349,,24.04273255300522,1000,,0.9017688866704703,
Double DQN,double_dqn,0,287,13.716761918934381,,85.50402465233437,78,,0.918449613528374,
Double DQN,double_dqn,0,288,130.0636410985368,,17.180740698337555,1000,,0.9160631871074438,
Double DQN,double_dqn,0,289,-18.589827416994837,,80.29730958039643,122,,0.9271558562263114,
Double DQN,double_dqn,0,290,-32.04428241071251,167.51699571094133,69.94891595840454,144,460.2,0.8783653335024914,
Double DQN,double_dqn,0,291,5.4683043932685536,,80.15606837179146,102,,0.9294169052850967,
Double DQN,double_dqn,0,292,-5.935514018821635,,70.24768528195678,122,,0.9141388965434716,
Double DQN,double_dqn,0,293,138.67625904800917,,15.337016576766969,1000,,0.8970701299011707,
Double DQN,double_dqn,0,294,137.10844837499963,,14.962757615089416,1000,,0.9072727124691009,
Double DQN,double_dqn,0,295,98.07874347617214,,16.021869839906692,1000,,0.8843355047553778,
Double DQN,double_dqn,0,296,230.70725952211788,,31.48267176288825,416,,0.8471878895965906,
Double DQN,double_dqn,0,297,-1.0685199585805663,,75.4251714525642,91,,0.8785577698068304,
Double DQN,double_dqn,0,298,121.17528209000818,,16.170446786880493,1000,,0.8666861710548401,
Double DQN,double_dqn,0,299,26.4430999869044,,74.43009697019527,113,,0.9461530138433507,
Double DQN,double_dqn,0,300,-42.977694977234435,273.50425528831556,93.51746587883936,73,237.2,0.8961341111627343,
Double DQN,double_dqn,0,301,125.58475595131945,,18.482767948627473,1000,,0.8527409736514091,
Double DQN,double_dqn,0,302,35.886315151625666,,80.34731852680171,109,,0.9072603203287912,
Double DQN,double_dqn,0,303,13.81468608858576,,77.06988692058707,106,,0.8612739560457895,
Double DQN,double_dqn,0,304,136.08910194145523,,15.547348868370056,1000,,0.8570567842721939,
Double DQN,double_dqn,0,305,147.9448927857946,,14.034536337375641,1000,,0.8608245497792959,
Double DQN,double_dqn,0,306,-7.051522645803075,,65.30022033568352,93,,0.8495562236796144,
Double DQN,double_dqn,0,307,-28.690253627451554,,65.50031158196576,136,,0.9546225390890065,
Double DQN,double_dqn,0,308,144.15417322222416,,16.591073792934417,1000,,0.8745772218555212,
Double DQN,double_dqn,0,309,253.62708304930464,,44.571296846210764,309,,0.879958067993516,
Double DQN,double_dqn,0,310,187.65147020317002,72.82019329510733,17.19000633466244,1000,648.8,0.8421963148117065,
Double DQN,double_dqn,0,311,-43.6628806230744,,41.181462675565854,192,,0.8822716362774372,
Double DQN,double_dqn,0,312,114.1479251845827,,17.02627079844475,1000,,0.8329088179171086,
Double DQN,double_dqn,0,313,-30.477837188195338,,69.05137000133082,97,,0.8619787259814665,
Double DQN,double_dqn,0,314,23.319969664501045,,68.70632658402126,84,,0.8133373253402256,
Double DQN,double_dqn,0,315,128.62707907898596,,15.041649383068085,1000,,0.8465561365038157,
Double DQN,double_dqn,0,316,12.410620905317558,,62.62649549865723,125,,0.7469981665611267,
Double DQN,double_dqn,0,317,30.781617524239863,,97.93116656294814,111,,0.766993233480969,
Double DQN,double_dqn,0,318,146.10230600216727,,13.914729752898216,1000,,0.8367819670289754,
Double DQN,double_dqn,0,319,155.74973837159453,,13.793130179166793,1000,,0.7802901819199324,
Double DQN,double_dqn,0,320,146.4578837564865,276.5293318648966,18.732233161985874,1000,216.6,0.7729852519333362,
Double DQN,double_dqn,0,321,-127.76399504484576,,46.96758016045414,335,,0.7176764981960183,
Double DQN,double_dqn,0,322,159.44612156303032,,14.890873213887215,1000,,0.7635177403390407,
Double DQN,double_dqn,0,323,168.114548020596,,13.839810020506382,1000,,0.7605699502825737,
Double DQN,double_dqn,0,324,29.342271384751854,,86.17342882825618,114,,0.7727512970828173,
Double DQN,double_dqn,0,325,130.85451598454569,,15.408568910717964,1000,,0.7250988528132438,
Double DQN,double_dqn,0,326,53.68224091478518,,93.67344429787624,89,,0.6447654527224852,
Double DQN,double_dqn,0,327,49.147378898555104,,87.27914063960502,159,,0.7095653510318612,
Double DQN,double_dqn,0,328,-154.1131764819621,,52.50934575243694,246,,0.7262194630939786,
Double DQN,double_dqn,0,329,153.57967817084074,,12.755923508644104,1000,,0.7037242068499326,
Double DQN,double_dqn,0,330,21.331112000454752,180.83841755669582,80.52426682020489,114,860.8,0.6559172023022384,
Double DQN,double_dqn,0,331,139.94559861360057,,15.255665053606034,1000,,0.680958511479199,
Double DQN,double_dqn,0,332,118.239590654343,,12.860651009559632,1000,,0.642809729769826,
Double DQN,double_dqn,0,333,160.98682050123975,,13.69746096587181,1000,,0.677072548314929,
Double DQN,double_dqn,0,334,165.6856683052766,,15.945758631706237,1000,,0.5920496777296066,
Double DQN,double_dqn,0,335,153.33672255770216,,14.064277646541596,1000,,0.6279604732096196,
Double DQN,double_dqn,0,336,34.255780671367575,,89.13287374253075,96,,0.5706990460554758,
Double DQN,double_dqn,0,337,-13.409807280964529,,74.32752489528538,162,,0.584517984294597,
Double DQN,double_dqn,0,338,128.9442535409444,,13.034836607724428,1000,,0.6208382348418235,
Double DQN,double_dqn,0,339,-151.4387573410055,,34.25310600469041,466,,0.6031583700760751,
Double DQN,double_dqn,0,340,144.94737924979594,128.69548420439804,13.884988923609257,1000,379.6,0.6021077477708459,
Double DQN,double_dqn,0,341,116.27602453972867,,15.554376753747464,1000,,0.5849034821093082,
Double DQN,double_dqn,0,342,138.00751275595823,,14.906709833711385,1000,,0.5723923910856247,
Double DQN,double_dqn,0,343,111.71743645607783,,13.06191053855419,1000,,0.5473281380385161,
Double DQN,double_dqn,0,344,129.9003555403395,,13.440824745595455,1000,,0.5141786805540324,
Double DQN,double_dqn,0,345,164.8937981834189,,12.47051327341795,1000,,0.49587354528158906,
Double DQN,double_dqn,0,346,1.1698508626628126,,74.16418797022676,146,,0.4225461570775672,
Double DQN,double_dqn,0,347,19.956531606389646,,76.48551523324215,132,,0.4569577493450858,
Double DQN,double_dqn,0,348,134.9397011660108,,13.998462472215294,1000,,0.49025637928396465,
Double DQN,double_dqn,0,349,139.50186119409454,,12.336946536913514,1000,,0.4853341134116054,
Double DQN,double_dqn,0,350,32.22120024168086,248.24886096547516,96.15737449913694,114,391.2,0.45447970515019015,
Double DQN,double_dqn,0,351,2.7949254426932555,,60.78756671170004,153,,0.4162188496172818,
Double DQN,double_dqn,0,352,147.71868558551654,,12.89952332520485,1000,,0.4480263083130121,
Double DQN,double_dqn,0,353,66.88347076372494,,87.3123107965176,104,,0.42747992570870197,
Double DQN,double_dqn,0,354,96.72129519463464,,18.258209222793578,1000,,0.4528480142131448,
Double DQN,double_dqn,0,355,51.72420246589772,,86.78970349509761,106,,0.43020607439695663,
Double DQN,double_dqn,0,356,20.4081104631737,,111.17954200108846,120,,0.5011166774978241,
Double DQN,double_dqn,0,357,164.71499666896347,,12.21851477553323,1000,,0.4255849698483944,
Double DQN,double_dqn,0,358,-10.919974692147733,,82.52862020850182,100,,0.42179381139576433,
Double DQN,double_dqn,0,359,137.6455378900661,,15.00209815043211,1000,,0.43503080651164056,
Double DQN,double_dqn,0,360,46.179940262850096,122.613257273256,91.89989129771357,115,783.4,0.41629428124946094,
Double DQN,double_dqn,0,361,103.88719919801046,,20.218833172090353,1000,,0.43905209277570245,
Double DQN,double_dqn,0,362,59.81849818940333,,90.99291496276855,100,,0.4346099612861872,
Double DQN,double_dqn,0,363,262.71991748621997,,19.1688784760454,631,,0.44731838316339323,
Double DQN,double_dqn,0,364,23.093153664754126,,89.08690141205095,117,,0.4519029833440088,
Double DQN,double_dqn,0,365,135.43477518580588,,13.481215753011405,1000,,0.4314060944765806,
Double DQN,double_dqn,0,366,160.1143906918855,,13.960403188079596,1000,,0.43529892721772195,
Double DQN,double_dqn,0,367,-1.8815616269820197,,98.63292120121143,108,,0.4763441857088495,
Double DQN,double_dqn,0,368,17.497335405668323,,24.104248224239093,370,,0.43634336969336945,
Double DQN,double_dqn,0,369,170.18035301548065,,13.164026252388954,1000,,0.39637092031538484,
Double DQN,double_dqn,0,370,35.51509196594645,190.33665049912935,86.31333206250117,104,757.6,0.4183866744861007,
Double DQN,double_dqn,0,371,187.21174008367163,,14.613731662288307,1000,,0.40235299605503677,
Double DQN,double_dqn,0,372,-283.41279418330487,,45.86908552146727,434,,0.407286192131688,
Double DQN,double_dqn,0,373,241.48988664589825,,19.319856159024116,684,,0.4145462241851621,
Double DQN,double_dqn,0,374,36.851608419446706,,93.87804750962691,88,,0.5143003057349812,
Double DQN,double_dqn,0,375,-18.018892100363104,,60.40867376327515,187,,0.42493757760939116,
Double DQN,double_dqn,0,376,264.4253421402442,,13.043645966046391,788,,0.4121738632167051,
Double DQN,double_dqn,0,377,27.5335111570472,,85.79318142725417,121,,0.3674369362637031,
Double DQN,double_dqn,0,378,157.13202598648257,,12.621841527208685,1000,,0.40449411890655756,
Double DQN,double_dqn,0,379,161.60258036316384,,12.729241550717504,1000,,0.37989135658368467,
Double DQN,double_dqn,0,380,162.56761734832898,54.58037760247289,13.467308749813586,1000,621.6,0.3637588030025363,
Double DQN,double_dqn,0,381,63.4796249070362,,89.85422754759836,101,,0.3966081578395154,
Double DQN,double_dqn,0,382,-14.231379453342498,,101.70374433129234,113,,0.3147874100677735,
Double DQN,double_dqn,0,383,1.9257115321829446,,92.37135760498047,125,,0.32104088813066484,
Double DQN,double_dqn,0,384,-14.320358245987109,,105.20411278590683,121,,0.3478775964665019,
Double DQN,double_dqn,0,385,131.50854143720747,,11.124706034753471,1000,,0.360738622173667,
Double DQN,double_dqn,0,386,27.378004635045144,,92.5726514200526,127,,0.33696817407223184,
Double DQN,double_dqn,0,387,54.94931709112805,,99.55794986811551,88,,0.44976458563046023,
Double DQN,double_dqn,0,388,143.96318098559794,,11.187688134651632,1000,,0.3601412399634719,
Double DQN,double_dqn,0,389,36.504396382205044,,108.94861680634168,98,,0.31249770666567644,
Double DQN,double_dqn,0,390,123.84986961237637,270.3012106250412,11.29597553254664,1000,248.0,0.3792614140622318,
Double DQN,double_dqn,0,391,164.03107283752794,,13.58780772908777,1000,,0.34830640676245095,
Double DQN,double_dqn,0,392,153.03281025135152,,9.990950476001949,1000,,0.32185400269925596,
Double DQN,double_dqn,0,393,231.30728622138176,,16.446419063299484,653,,0.3339136753796071,
Double DQN,double_dqn,0,394,4.679395218270841,,101.33258053564256,124,,0.38270290814820795,
Double DQN,double_dqn,0,395,138.65785581839387,,11.95336609769985,1000,,0.3655055666379631,
Double DQN,double_dqn,0,396,172.74528895205498,,10.397587786506861,1000,,0.358455476552248,
Double DQN,double_dqn,0,397,-5.315329120296013,,104.13013496398926,100,,0.4067955642193556,
Double DQN,double_dqn,0,398,278.49245090109105,,13.073799056766978,766,,0.36011985566846383,
Double DQN,double_dqn,0,399,256.4401401048472,,56.97934750760539,178,,0.38299193953195315,
Double DQN,double_dqn,0,400,133.70807363709145,271.40585580716726,14.01303607995808,1000,263.4,0.34912766022607683,
Double DQN,double_dqn,0,401,164.63378945255766,,10.22581398134306,1000,,0.33296786683052776,
Double DQN,double_dqn,0,402,167.2053217545755,,14.168875884059817,1000,,0.335179355930537,
Double DQN,double_dqn,0,403,254.11209064851988,,15.114671859423305,742,,0.3426918500477092,
Double DQN,double_dqn,0,404,52.0890450162903,,89.58321191469828,120,,0.3680856999009848,
Double DQN,double_dqn,0,405,171.0624323514845,,10.212207370646299,1000,,0.3263881392665207,
Double DQN,double_dqn,0,406,5.520750950812769,,98.21296200853713,94,,0.2766524944850739,
Double DQN,double_dqn,0,407,90.92738633221617,,13.527050721790642,1000,,0.32038370329886673,
Double DQN,double_dqn,0,408,-35.497192243763294,,119.42004627651639,72,,0.32800344232883716,
Double DQN,double_dqn,0,409,-25.259056751924604,,115.68959693908691,80,,0.28577153850346804,
Double DQN,double_dqn,0,410,240.94445754929438,267.96308553858705,13.715666257169307,873,256.4,0.3240132361718743,
Double DQN,double_dqn,0,411,-3.064616555910135,,83.83134342015275,123,,0.31786457576402805,
Double DQN,double_dqn,0,412,118.58229094629728,,25.57388896491111,933,,0.3526810039980746,
Double DQN,double_dqn,0,413,261.41173196939485,,12.133465484300679,888,,0.32527575594045827,
Double DQN,double_dqn,0,414,154.45251329951122,,15.201778481531889,1000,,0.3451965641602874,
Double DQN,double_dqn,0,415,5.464848765047023,,88.73543341616367,141,,0.33003503356313874,
Double DQN,double_dqn,0,416,9.633131190760253,,97.43226833794061,127,,0.4029210202219918,
Double DQN,double_dqn,0,417,147.36588257528595,,14.063799821574241,1000,,0.337879581194371,
Double DQN,double_dqn,0,418,191.0218788884167,,15.630945960745215,1000,,0.3541540701054037,
Double DQN,double_dqn,0,419,183.5675486029692,,10.791041111677885,1000,,0.32956154849380254,
Double DQN,double_dqn,0,420,175.62739088228523,272.01314832232555,15.030458657953888,1000,236.2,0.34729107074812055,
Double DQN,double_dqn,0,421,145.4974376943639,,11.151742848694324,1000,,0.34751095236092805,
Double DQN,double_dqn,0,422,148.6500609083209,,13.127294652879238,1000,,0.3432073718011379,
Double DQN,double_dqn,0,423,141.1217255807339,,11.810631707776338,1000,,0.3393384119346738,
Double DQN,double_dqn,0,424,42.38327752377032,,87.947690416419,115,,0.26176247881806414,
Double DQN,double_dqn,0,425,134.43310931037155,,11.968184810988605,1000,,0.31914865542948245,
Double DQN,double_dqn,0,426,151.6150821959603,,13.803095003150403,1000,,0.32326962519437075,
Double DQN,double_dqn,0,427,237.5102706033195,,21.942949694863092,433,,0.3225824907938272,
Double DQN,double_dqn,0,428,63.81547558596259,,98.31070528030395,80,,0.3117175424471498,
Double DQN,double_dqn,0,429,7.615537630947699,,92.36083871941817,95,,0.27419038509067734,
Double DQN,double_dqn,0,430,266.4632682193317,198.65048644759915,19.06368968340701,611,354.6,0.3532426883931441,
Double DQN,double_dqn,0,431,-10.624357441325543,,89.04514552667302,103,,0.3009787611301663,
Double DQN,double_dqn,0,432,241.09510343672423,,50.971508312564325,211,,0.3266691255661266,
Double DQN,double_dqn,0,433,42.421762692929605,,101.67600316014783,87,,0.3508078395977788,
Double DQN,double_dqn,0,434,241.82160383232005,,23.678772662670536,428,,0.3491455653734575,
Double DQN,double_dqn,0,435,195.44962875676222,,14.41898210242018,1000,,0.32446950440108774,
Double DQN,double_dqn,0,436,251.040359270304,,55.26780076180735,217,,0.36190021003720946,
Double DQN,double_dqn,0,437,168.12908736238762,,13.96001125434041,1000,,0.3484209694191813,
Double DQN,double_dqn,0,438,204.94765404078495,,12.798534922588617,1000,,0.3022177404873073,
Double DQN,double_dqn,0,439,143.92058838073214,,9.164002292111515,1000,,0.3181776831187308,
Double DQN,double_dqn,0,440,233.88235659713803,257.33849068954515,23.127316702356215,543,430.6,0.34502239019007974,
Double DQN,double_dqn,0,441,12.44323227298355,,99.08186507225037,96,,0.3289292110906293,
Double DQN,double_dqn,0,442,-3.7417389237298835,,103.45225143432617,125,,0.35479463189840316,
Double DQN,double_dqn,0,443,146.23328236974194,,11.468208504378795,1000,,0.32963352619111536,
Double DQN,double_dqn,0,444,190.0212934559881,,18.624995161760598,1000,,0.3262120245397091,
Double DQN,double_dqn,0,445,300.1994424412011,,15.852210554031608,702,,0.33740664267132425,
Double DQN,double_dqn,0,446,41.37008990612986,,92.67513639144315,131,,0.3519238413290213,
Double DQN,double_dqn,0,447,180.34174421607705,,9.983440531514585,1000,,0.33300228299945595,
Double DQN,double_dqn,0,448,168.53089939986796,,13.20823470025137,1000,,0.3056639657057822,
Double DQN,double_dqn,0,449,140.50117486341517,,11.9432162046507,1000,,0.2854629959650338,
Double DQN,double_dqn,0,450,58.29527560728002,161.9137400051897,90.80431733011197,119,867.8,0.28307703938804757,
Double DQN,double_dqn,0,451,54.40344944834189,,102.89601041288937,136,,0.2817045922993737,
Double DQN,double_dqn,0,452,164.91746192010805,,9.5250165508911,1000,,0.28680072044581173,
Double DQN,double_dqn,0,453,288.8672392060064,,37.862086711376044,346,,0.30201931297779083,
Double DQN,double_dqn,0,454,298.4604035254214,,35.387093487248826,403,,0.3150984322370282,
Double DQN,double_dqn,0,455,15.955693808256953,,97.55586925629646,93,,0.3347406042839891,
Double DQN,double_dqn,0,456,-26.958918767473833,,107.76330334431417,148,,0.23002494199553858,
Double DQN,double_dqn,0,457,67.40411680756796,,87.4218224061502,148,,0.29942784639629155,
Double DQN,double_dqn,0,458,-9.137493984162631,,92.18390063704732,107,,0.3607080765416689,
Double DQN,double_dqn,0,459,45.98524545597536,,86.26140153206,118,,0.36429493539666724,
Double DQN,double_dqn,0,460,-21.31133191679531,286.2579305982387,100.55353256593267,83,228.6,0.29054632289222926,
Double DQN,double_dqn,0,461,4.598032635074219,,112.53611037980265,134,,0.29339419169101255,
Double DQN,double_dqn,0,462,253.29699253258946,,16.543416940163063,841,,0.312203630592395,
Double DQN,double_dqn,0,463,11.991647154876546,,89.49032128073952,110,,0.2913411976938898,
Double DQN,double_dqn,0,464,259.76191364609525,,14.420243737498332,845,,0.30130879282951356,
Double DQN,double_dqn,0,465,53.245495774885086,,94.08261245354674,133,,0.2856121234091601,
Double DQN,double_dqn,0,466,60.91310478642424,,90.24215670554868,93,,0.2478394009653599,
Double DQN,double_dqn,0,467,11.116154512542394,,111.34877550034295,84,,0.3073697958496355,
Double DQN,double_dqn,0,468,145.63598109635078,,10.972423972554505,1000,,0.3308192919529974,
Double DQN,double_dqn,0,469,-1.8792818089485195,,104.08643070518548,141,,0.31358309903888837,
Double DQN,double_dqn,0,470,36.18924919293622,182.3260036727601,92.04755635695024,110,846.2,0.27695400430397554,
Double DQN,double_dqn,0,471,151.49022447109036,,13.485704716142267,1000,,0.30483342995494606,
Double DQN,double_dqn,0,472,11.077469505314426,,106.89389871019836,109,,0.3330296039444591,
Double DQN,double_dqn,0,473,-12.380568173405578,,108.58275898167345,122,,0.3003257747861694,
Double DQN,double_dqn,0,474,-1.4883108965469063,,137.17220128139604,107,,0.3386068072552993,
Double DQN,double_dqn,0,475,50.43551340053244,,100.74649342784176,108,,0.32395080307981483,
Double DQN,double_dqn,0,476,291.16061340797955,,18.375767179874714,644,,0.32691333221954216,
Double DQN,double_dqn,0,477,-11.485296872814246,,107.86961724853515,125,,0.31547415417432784,
Double DQN,double_dqn,0,478,29.33903995738504,,97.31310954145206,93,,0.3487751700224415,
Double DQN,double_dqn,0,479,197.86521461731664,,14.107007827565074,1000,,0.31290590001270174,
Double DQN,double_dqn,0,480,6.706161963744222,155.85196899621656,99.98286887094484,141,1000.0,0.29128663891807516,
Double DQN,double_dqn,0,481,152.07167940065918,,12.058048601470889,1000,,0.2926535212174058,
Double DQN,double_dqn,0,482,175.3771308153155,,14.113695586688817,1000,,0.30370791459828617,
Double DQN,double_dqn,0,483,40.36876116039747,,94.91648988642244,117,,0.26711206316438496,
Double DQN,double_dqn,0,484,35.95335577972526,,104.29992986882775,103,,0.29370862140672876,
Double DQN,double_dqn,0,485,250.9907002958271,,20.86253290276086,562,,0.3129617833595365,
Double DQN,double_dqn,0,486,288.5251674763786,,35.177781273605746,362,,0.30475340871068324,
Double DQN,double_dqn,0,487,279.5042278923098,,16.47698103645078,782,,0.25742903834356523,
Double DQN,double_dqn,0,488,178.54318944428192,,15.335260461322964,1000,,0.29515054494515064,
Double DQN,double_dqn,0,489,264.14481387313856,,13.001182122479547,973,,0.2832634644994449,
Double DQN,double_dqn,0,490,172.9456721501022,168.0329857979814,12.913137458704412,1000,230.2,0.2907858656719327,
Double DQN,double_dqn,0,491,73.92304113729813,,80.46319749939767,257,,0.3199194269798377,
Double DQN,double_dqn,0,492,272.9343757020107,,11.134700290519053,987,,0.27733429252965475,
Double DQN,double_dqn,0,493,11.013324153103937,,99.30360670619541,90,,0.3018486919088496,
Double DQN,double_dqn,0,494,-25.888529165952832,,107.7599612000168,93,,0.2794647232018491,
Double DQN,double_dqn,0,495,79.19741900010823,,100.58427855101499,88,,0.27940982588651503,
Double DQN,double_dqn,0,496,123.8514471509419,,11.63021589717269,1000,,0.2837310412712395,
Double DQN,double_dqn,0,497,17.02504833098935,,99.04832147216797,125,,0.3045859430134296,
Double DQN,double_dqn,0,498,-17.9226616295213,,101.95607120707884,118,,0.2330615431449171,
Double DQN,double_dqn,0,499,49.380967078737314,,88.29590719086784,112,,0.2773723829471107,
Double DQN,double_dqn,0,500,-8.465592607617054,158.40002392563673,101.15298298427037,112,448.0,0.2540244180043893,
Double DQN,double_dqn,0,501,31.72591007100479,,108.08987732728322,96,,0.2978855316371967,
Double DQN,double_dqn,0,502,290.5280093369127,,43.12495417920613,323,,0.3121202632254307,
Double DQN,double_dqn,0,503,254.35046032720174,,11.014966224063448,972,,0.28524148610225064,
Double DQN,double_dqn,0,504,239.84362160025853,,40.104996565626614,290,,0.31847450450576587,
Double DQN,double_dqn,0,505,66.79824430793755,,101.93332253331724,92,,0.23317909993879174,
Double DQN,double_dqn,0,506,269.77053258681997,,30.796304996443045,431,,0.29495851705909604,
Double DQN,double_dqn,0,507,288.1625694928918,,42.454455104718605,210,,0.2739761253197988,
Double DQN,double_dqn,0,508,168.03096814543238,,12.953989232420922,1000,,0.2911002222523093,
Double DQN,double_dqn,0,509,262.21366433721823,,58.078715157001575,188,,0.26982526251293243,
Double DQN,double_dqn,0,510,296.78649271824804,259.7798541903043,17.70380492188254,754,383.2,0.30638241979345404,
Double DQN,double_dqn,0,511,296.3748880975653,,26.5595815888966,652,,0.30435105495474823,
Double DQN,double_dqn,0,512,315.5190724517157,,30.47147098722533,412,,0.27980661648099575,
Double DQN,double_dqn,0,513,-98.52258279646371,,109.93133715729215,134,,0.3620601308101149,
Double DQN,double_dqn,0,514,278.9696249310432,,23.35999960269199,533,,0.27499207666259096,
Double DQN,double_dqn,0,515,-15.813686053137431,,99.56834030151367,101,,0.3320279304343875,
Double DQN,double_dqn,0,516,282.59291098307256,,29.26148696807683,436,,0.27004706263200406,
Double DQN,double_dqn,0,517,24.23739237595953,,89.16090813423823,103,,0.3077334528336826,
Double DQN,double_dqn,0,518,257.98142427701754,,45.59196502757843,263,,0.3044003016481835,
Double DQN,double_dqn,0,519,259.8899237472585,,15.109061998000003,659,,0.3197917363695427,
Double DQN,double_dqn,0,520,148.2204587462516,257.17213283707025,11.394894028976559,1000,495.4,0.30761374410241843,
Double DQN,double_dqn,0,521,184.1596589107081,,17.31518226957321,1000,,0.30953778990730646,
Double DQN,double_dqn,0,522,263.3221414880371,,13.150723043869805,734,,0.31728905996647777,
Double DQN,double_dqn,0,523,261.13264136535633,,34.83852132386528,288,,0.3020220868315341,
Double DQN,double_dqn,0,524,55.56303080738965,,89.55729685723782,128,,0.2883038107829634,
Double DQN,double_dqn,0,525,9.409690335208836,,88.92864843651101,108,,0.33340338710695505,
Double DQN,double_dqn,0,526,148.78675959387817,,8.673152891106904,1000,,0.30282084468379616,
Double DQN,double_dqn,0,527,269.11970725055085,,18.610186656130594,589,,0.3011535527358537,
Double DQN,double_dqn,0,528,141.3673656450706,,12.15545673251897,1000,,0.2977311291843653,
Double DQN,double_dqn,0,529,165.75671808502963,,13.062184970080853,1000,,0.2936533963531256,
Double DQN,double_dqn,0,530,155.94530983011964,266.87426359035015,11.30143213915825,1000,354.8,0.30773077488690614,
Double DQN,double_dqn,0,531,202.49046394702023,,18.464678400360047,1000,,0.29641057140752675,
Double DQN,double_dqn,0,532,155.4019548926368,,10.618237008035184,1000,,0.298667473860085,
Double DQN,double_dqn,0,533,276.25683325046765,,31.823811607628684,395,,0.3268265958828262,
Double DQN,double_dqn,0,534,238.05331122511123,,15.009004425685122,662,,0.31150994525260073,
Double DQN,double_dqn,0,535,234.77764691685016,,18.950132444604403,720,,0.31165993155187205,
Double DQN,double_dqn,0,536,263.8913357176791,,28.134893466925707,409,,0.3176806842621352,
Double DQN,double_dqn,0,537,147.87404466027084,,11.01496969756484,1000,,0.2979112710505724,
Double DQN,double_dqn,0,538,128.42692892805513,,9.937513580679893,1000,,0.31716483072191476,
Double DQN,double_dqn,0,539,297.5868782317582,,37.40785080164671,300,,0.2852252033477028,
Double DQN,double_dqn,0,540,299.9244318973906,277.3886169880049,24.848799446360175,596,245.2,0.29540906570876807,
Double DQN,double_dqn,0,541,-46.95451060730217,,94.65552713145381,115,,0.30091932322020115,
Double DQN,double_dqn,0,542,280.16193677404294,,23.238299218712797,621,,0.328943624312655,
Double DQN,double_dqn,0,543,191.75608896340506,,16.974228363491594,1000,,0.2984723047595471,
Double DQN,double_dqn,0,544,251.68152887713552,,17.20140533643489,909,,0.30215596679774315,
Double DQN,double_dqn,0,545,240.0837870007147,,26.15046779298491,491,,0.3051106749736,
Double DQN,double_dqn,0,546,281.5888208564765,,59.1296908442207,216,,0.2875395249057975,
Double DQN,double_dqn,0,547,283.5995548245072,,56.801113427235194,271,,0.3206941180096121,
Double DQN,double_dqn,0,548,285.5194383898446,,23.25437905132818,628,,0.30044776659791067,
Double DQN,double_dqn,0,549,-106.35145732018401,,40.63038175900777,360,,0.3003505687746737,
Double DQN,double_dqn,0,550,249.63271353105242,214.2434869870001,23.211041347039316,563,178.8,0.31349865679974875,
Double DQN,double_dqn,0,551,301.47227278304837,,22.374883970905994,725,,0.3149796923583951,
Double DQN,double_dqn,0,552,129.9189378971486,,9.346537441529334,1000,,0.31182993448898194,
Double DQN,double_dqn,0,553,150.2959412187707,,10.777724211402237,1000,,0.31078805205598475,
Double DQN,double_dqn,0,554,285.5913835142625,,22.842627563423513,691,,0.2833694212149435,
Double DQN,double_dqn,0,555,130.42949652578713,,11.753832622893155,1000,,0.3136594564970583,
Double DQN,double_dqn,0,556,-151.04347325047993,,58.76650364327998,420,,0.30964888736960433,
Double DQN,double_dqn,0,557,241.83071915217403,,10.377872479556784,987,,0.3002292488974339,
Double DQN,double_dqn,0,558,181.6535748763466,,14.01054920437187,1000,,0.3213574171513319,
Double DQN,double_dqn,0,559,297.1935431432907,,43.6246263908502,313,,0.2929374161786355,
Double DQN,double_dqn,0,560,288.49214504250824,172.98373869667626,38.88903788009433,446,225.0,0.3182809344772667,
Double DQN,double_dqn,0,561,298.0476059461125,,17.531473088118563,623,,0.33934337014323446,
Double DQN,double_dqn,0,562,14.19287223027051,,90.62597403283847,118,,0.3395627433339418,
Double DQN,double_dqn,0,563,-33.79313930805769,,94.27463193006919,142,,0.36037500593548927,
Double DQN,double_dqn,0,564,168.85967424864577,,8.769969671450555,1000,,0.31554364463686946,
Double DQN,double_dqn,0,565,241.79274022615212,,10.88651661735794,861,,0.3056492345379482,
Double DQN,double_dqn,0,566,25.674061135285044,,97.37738474065607,110,,0.33295862776311963,
Double DQN,double_dqn,0,567,271.86017863176494,,15.166088050265286,823,,0.3236010890875016,
Double DQN,double_dqn,0,568,151.4768198319955,,8.791315207235515,1000,,0.3186024466082454,
Double DQN,double_dqn,0,569,43.27252145076591,,87.10859078301324,135,,0.3485838234424591,
Double DQN,double_dqn,0,570,290.6898578989909,157.38985049062526,21.65087713884336,497,595.4,0.3028855292535044,
Double DQN,double_dqn,0,571,244.88654295532953,,24.80078510972006,420,,0.2953480753604145,
Double DQN,double_dqn,0,572,279.13577041136193,,45.45655030138501,283,,0.29005596133824374,
Double DQN,double_dqn,0,573,61.34804749625772,,95.07948376997462,106,,0.2636999744429903,
Double DQN,double_dqn,0,574,33.64669741824696,,107.31889608841908,79,,0.1789874413722678,
Double DQN,double_dqn,0,575,261.9296387957244,,46.033770092896056,273,,0.32778969239238853,
Double DQN,double_dqn,0,576,261.57615027208294,,38.99167903949474,464,,0.3106970089840992,
Double DQN,double_dqn,0,577,265.3033654084315,,20.266780689295032,585,,0.29130971343853534,
Double DQN,double_dqn,0,578,291.73630167456383,,16.025701581774623,941,,0.309259301108901,
Double DQN,double_dqn,0,579,181.38867363364474,,12.901038276568055,1000,,0.31139601971581576,
Double DQN,double_dqn,0,580,276.7892398725402,212.47668614948265,33.386711135909884,388,219.2,0.3716155757033026,
Double DQN,double_dqn,0,581,282.4078027686221,,57.543319652926535,310,,0.33289073718891987,
Double DQN,double_dqn,0,582,251.93942916984093,,54.14749552415368,183,,0.31147438299949054,
Double DQN,double_dqn,0,583,288.1035133482714,,30.203320598390338,464,,0.3347769722840267,
Double DQN,double_dqn,0,584,289.0334700208249,,55.02750174880873,282,,0.3117576211505959,
Double DQN,double_dqn,0,585,-202.28849091994482,,75.0158109989296,147,,0.28193238658868536,
Double DQN,double_dqn,0,586,59.635158931266886,,87.57687275521707,149,,0.3114245403933045,
Double DQN,double_dqn,0,587,265.4255461771145,,26.979213188977344,345,,0.33643688135712907,
Double DQN,double_dqn,0,588,221.54828654538622,,44.75602236175537,250,,0.3264281007796526,
Double DQN,double_dqn,0,589,183.94898031575542,,20.055735038952868,456,,0.3248032925143969,
Double DQN,double_dqn,0,590,272.4952370481683,245.31631005002728,17.0483136646669,713,373.2,0.32403656926533786,
Double DQN,double_dqn,0,591,46.002657112219765,,103.39884892175364,86,,0.2893702576673308,
Double DQN,double_dqn,0,592,-0.8893798776857267,,103.43528542151817,104,,0.3524167941023524,
Double DQN,double_dqn,0,593,261.9735455940331,,17.60237000164354,751,,0.34668980361261315,
Double DQN,double_dqn,0,594,14.200516301810069,,100.3106577154519,69,,0.42672078154873155,
Double DQN,double_dqn,0,595,277.3375517265355,,55.12464286932131,205,,0.32267886571040966,
Double DQN,double_dqn,0,596,277.1607374528677,,17.990066714798814,766,,0.3316695055639853,
Double DQN,double_dqn,0,597,61.899550218872974,,75.94547387291404,170,,0.347424613136579,
Double DQN,double_dqn,0,598,294.3601542729042,,45.136000783815064,324,,0.3552137212137933,
Double DQN,double_dqn,0,599,266.52331335081124,,37.56543966167696,343,,0.32685803475385156,
Double DQN,double_dqn,0,600,269.1464971198311,247.78354644001837,57.36386514364377,230,466.6,0.3478415106949599,
Mellowmax DQN,mellowmax,0,1,-168.88990295436895,,0.08103009544450927,108,,,5.0
Mellowmax DQN,mellowmax,0,2,-96.82296748547297,,0.08756487925847371,75,,,5.0
Mellowmax DQN,mellowmax,0,3,-149.67881767275748,,0.08701957900948981,94,,,5.0
Mellowmax DQN,mellowmax,0,4,-287.0894199025323,,0.06587415542907832,123,,,5.0
Mellowmax DQN,mellowmax,0,5,-130.58817719589157,,0.0723442536905224,81,,,5.0
Mellowmax DQN,mellowmax,0,6,-241.43499085473914,,0.0660588566500407,117,,,5.0
Mellowmax DQN,mellowmax,0,7,-192.15855507427926,,0.06842790121462808,67,,,5.0
Mellowmax DQN,mellowmax,0,8,-108.0774580100515,,0.07343313532031101,115,,,5.0
Mellowmax DQN,mellowmax,0,9,-122.52932583379904,,0.0759142738287196,66,,,5.0
Mellowmax DQN,mellowmax,0,10,-123.87379724730185,-518.8842595593608,0.06913040166622714,76,72.2,,5.0
Mellowmax DQN,mellowmax,0,11,-291.2957239914718,,0.07328083896881914,73,,,5.0
Mellowmax DQN,mellowmax,0,12,-282.6256508866502,,0.0690075041709748,113,,,5.0
Mellowmax DQN,mellowmax,0,13,-249.08423050470975,,0.07146584990966533,112,,,5.0
Mellowmax DQN,mellowmax,0,14,-213.3647140581589,,0.08025126144677014,77,,,5.0
Mellowmax DQN,mellowmax,0,15,-121.42316189278135,,0.08012152170716239,121,,,5.0
Mellowmax DQN,mellowmax,0,16,-248.0432005821691,,0.07169662547462127,102,,,5.0
Mellowmax DQN,mellowmax,0,17,-46.189680886042616,,0.07006858088649236,65,,,5.0
Mellowmax DQN,mellowmax,0,18,-212.72065265059942,,0.06662574318582065,73,,,5.0
Mellowmax DQN,mellowmax,0,19,-264.7535237455548,,0.07454986821698106,69,,,5.0
Mellowmax DQN,mellowmax,0,20,-140.348763465852,-518.8842595593608,0.07572988291149554,69,72.2,,5.0
Mellowmax DQN,mellowmax,0,21,-106.67443258080633,,0.09954051616723122,92,,,5.0
Mellowmax DQN,mellowmax,0,22,-109.33393703783022,,0.06763367294225582,86,,,5.0
Mellowmax DQN,mellowmax,0,23,-120.72338595346093,,0.7465507911541794,79,,2.0867686519082986,5.0
Mellowmax DQN,mellowmax,0,24,-446.08334624952994,,1.7920366247375328,83,,1.6456954062703144,5.0
Mellowmax DQN,mellowmax,0,25,-286.2081333251604,,1.0518590249913804,141,,1.446712465150982,5.0
Mellowmax DQN,mellowmax,0,26,-59.85623163642596,,1.6972334235769642,136,,1.325314375845825,5.0
Mellowmax DQN,mellowmax,0,27,-208.3356132753285,,-0.46707069857909184,123,,1.295044188940428,5.0
Mellowmax DQN,mellowmax,0,28,-169.60668276303534,,1.1496171841367346,122,,1.1502618663867965,5.0
Mellowmax DQN,mellowmax,0,29,-209.32525287374375,,-0.12717551197019522,89,,1.1767620137903128,5.0
Mellowmax DQN,mellowmax,0,30,-2.9065507909985797,-604.6782302956462,-0.24710622232439172,117,236.6,1.1198368513813386,5.0
Mellowmax DQN,mellowmax,0,31,-80.29770352814785,,1.6827793848132628,109,,1.2312221205836043,5.0
Mellowmax DQN,mellowmax,0,32,-183.77819567927872,,-1.4268365292710827,141,,1.445314277465462,5.0
Mellowmax DQN,mellowmax,0,33,-64.45102030003274,,1.6735123078215797,106,,1.2270777224088616,5.0
Mellowmax DQN,mellowmax,0,34,-61.7789870649417,,2.9279777288839623,74,,1.1812567523605115,5.0
Mellowmax DQN,mellowmax,0,35,-76.92282762413791,,2.1888976778055347,86,,1.250676116624544,5.0
Mellowmax DQN,mellowmax,0,36,-86.80780421692165,,1.6864814471997571,89,,1.1865671041808772,5.0
Mellowmax DQN,mellowmax,0,37,-98.23375722913731,,1.1854595679789781,90,,1.1626106490691503,5.0
Mellowmax DQN,mellowmax,0,38,-115.68068564897752,,1.0111621949703447,126,,1.0957423398892085,5.0
Mellowmax DQN,mellowmax,0,39,-209.4968933382511,,-0.47129990496730384,113,,1.0947590236906457,5.0
Mellowmax DQN,mellowmax,0,40,-249.53398029056743,-79.76096755968442,-1.013960106784235,92,837.6,1.0845416120213012,5.0
Mellowmax DQN,mellowmax,0,41,-215.5062964434019,,-0.14994629487199218,114,,1.0565371539509087,5.0
Mellowmax DQN,mellowmax,0,42,-57.1585403247904,,3.9441837380009312,93,,1.185888369237223,5.0
Mellowmax DQN,mellowmax,0,43,-95.71132950870977,,2.3487000215994684,95,,1.121470143449934,5.0
Mellowmax DQN,mellowmax,0,44,17.250986049989095,,1.482208161669619,153,,1.04788522432053,5.0
Mellowmax DQN,mellowmax,0,45,-61.007833781962646,,1.7812365337234477,92,,1.0198997463221136,5.0
Mellowmax DQN,mellowmax,0,46,-235.623591158842,,0.1063965181691931,109,,1.0864234408107372,5.0
Mellowmax DQN,mellowmax,0,47,-290.8003907659164,,-4.652603453081666,99,,1.1115430346643083,5.0
Mellowmax DQN,mellowmax,0,48,-48.73753226285193,,5.866768662614384,87,,1.0047810312317706,5.0
Mellowmax DQN,mellowmax,0,49,-91.79715058389483,,3.5934450710437407,76,,1.0486939820019823,5.0
Mellowmax DQN,mellowmax,0,50,-103.18420915398775,-106.87500149127804,2.9380719234381827,121,1000.0,1.026824726299806,5.0
Mellowmax DQN,mellowmax,0,51,-223.87318240273447,,-3.7323017285789475,118,,1.130523840123314,5.0
Mellowmax DQN,mellowmax,0,52,-59.291897954786336,,5.824117852353502,87,,1.1450613752521317,5.0
Mellowmax DQN,mellowmax,0,53,-71.60991967876592,,3.791597209528697,147,,1.0598691934022775,5.0
Mellowmax DQN,mellowmax,0,54,-72.21930604893049,,3.8291431791867527,175,,1.102166362149375,5.0
Mellowmax DQN,mellowmax,0,55,-81.71957268343571,,1.702356159102683,102,,0.9675347930660435,5.0
Mellowmax DQN,mellowmax,0,56,-89.06274792979534,,1.725033130362737,139,,1.122298441988101,5.0
Mellowmax DQN,mellowmax,0,57,-92.70706578960318,,4.287436763445537,114,,1.0511908250158293,5.0
Mellowmax DQN,mellowmax,0,58,-66.5501547437974,,5.1821792845645644,89,,1.0994667037484351,5.0
Mellowmax DQN,mellowmax,0,59,-0.17210698150769588,,7.49762511521243,89,,0.9382153237133883,5.0
Mellowmax DQN,mellowmax,0,60,48.37072120607573,-73.6518217243302,-1.0514540548953746,90,999.8,1.1298507554663553,5.0
Mellowmax DQN,mellowmax,0,61,-71.66615671062263,,6.710218864938487,69,,1.091406834082327,5.0
Mellowmax DQN,mellowmax,0,62,-209.77851704476438,,-0.42806925478382646,107,,1.1070464414970898,5.0
Mellowmax DQN,mellowmax,0,63,-148.3753322111092,,3.454284142198101,155,,1.0586476757161078,5.0
Mellowmax DQN,mellowmax,0,64,-86.97036817322719,,3.06122671353817,125,,1.0421306219100952,5.0
Mellowmax DQN,mellowmax,0,65,-56.063746710822784,,5.695081638051318,154,,1.0718184808244953,5.0
Mellowmax DQN,mellowmax,0,66,-74.2358170663218,,4.8830502794662936,223,,1.0366046353172294,5.0
Mellowmax DQN,mellowmax,0,67,-69.17954568229234,,8.136868736323189,102,,1.0976942080785246,5.0
Mellowmax DQN,mellowmax,0,68,-69.98625999246411,,6.63524313300848,150,,1.0974134943882625,5.0
Mellowmax DQN,mellowmax,0,69,-97.39521621343515,,6.299962911064978,135,,0.959576059822683,5.0
Mellowmax DQN,mellowmax,0,70,-38.333259181318745,-111.22172080754103,8.808843047845931,84,1000.0,1.1044213127877032,5.0
Mellowmax DQN,mellowmax,0,71,-233.25358339039437,,-1.515617893054718,164,,0.9958877366308759,5.0
Mellowmax DQN,mellowmax,0,72,-64.41394597871582,,8.072228059424338,148,,0.9153929688036442,5.0
Mellowmax DQN,mellowmax,0,73,13.11665864571441,,7.70336769939026,107,,1.0141467482687156,5.0
Mellowmax DQN,mellowmax,0,74,-74.6138978523506,,5.524463781618139,147,,0.9866738579913873,5.0
Mellowmax DQN,mellowmax,0,75,-38.767286339640606,,6.996105626017149,152,,1.0029246167917,5.0
Mellowmax DQN,mellowmax,0,76,-214.2155653778116,,-2.2250867468697764,422,,1.1064040337764256,5.0
Mellowmax DQN,mellowmax,0,77,-83.96261725900618,,10.016914220357483,88,,0.9950207730924542,5.0
Mellowmax DQN,mellowmax,0,78,-97.55343306884036,,4.278691565415458,184,,1.1625888608396053,5.0
Mellowmax DQN,mellowmax,0,79,-10.243915640696272,,6.432388136563477,135,,1.2352546338681822,5.0
Mellowmax DQN,mellowmax,0,80,-58.35346937231844,-166.1817970700983,8.122037693432398,140,1000.0,1.1437373885086604,5.0
Mellowmax DQN,mellowmax,0,81,7.547642986787707,,6.2832022967203605,106,,1.1719408184289932,5.0
Mellowmax DQN,mellowmax,0,82,-136.28858462235638,,5.179980975250865,129,,1.2270285632721214,5.0
Mellowmax DQN,mellowmax,0,83,9.04207551126595,,10.142768979507641,137,,1.1168837150300506,5.0
Mellowmax DQN,mellowmax,0,84,-68.25197316167628,,10.670754566788673,88,,1.1398086063563824,5.0
Mellowmax DQN,mellowmax,0,85,-37.40569596853625,,4.436250921785831,150,,1.092667895058791,5.0
Mellowmax DQN,mellowmax,0,86,-232.1173416732474,,-4.9113910871167334,124,,1.1078872286504315,5.0
Mellowmax DQN,mellowmax,0,87,-65.48737510334219,,6.266917463038524,137,,1.1032405594622132,5.0
Mellowmax DQN,mellowmax,0,88,-31.562799595401003,,9.461721407917311,106,,1.1683829589834753,5.0
Mellowmax DQN,mellowmax,0,89,-54.17605265470954,,8.76863497654597,75,,1.2153978562355041,5.0
Mellowmax DQN,mellowmax,0,90,-54.48838628145259,-152.25233569130458,8.090207129716873,82,1000.0,1.102323872650542,5.0
Mellowmax DQN,mellowmax,0,91,-101.28112736973321,,9.070962810117488,99,,1.1034739748998121,5.0
Mellowmax DQN,mellowmax,0,92,-58.079970579932535,,13.612349507683202,95,,1.2164604643457815,5.0
Mellowmax DQN,mellowmax,0,93,20.48574419586579,,-0.2977387482970953,1000,,1.1691363813430071,5.0
Mellowmax DQN,mellowmax,0,94,-67.34267867553444,,6.6688720538299915,196,,1.126182385701306,5.0
Mellowmax DQN,mellowmax,0,95,-57.0287750764591,,10.353815665454356,131,,1.1519336177192572,5.0
Mellowmax DQN,mellowmax,0,96,-51.37476172995959,,7.377914797107713,119,,1.1621938788590311,5.0
Mellowmax DQN,mellowmax,0,97,-11.450939380472406,,12.684822932030391,103,,1.1705808095561647,5.0
Mellowmax DQN,mellowmax,0,98,-57.276494550043225,,9.63071443008052,135,,1.1201445621472819,5.0
Mellowmax DQN,mellowmax,0,99,-3.7802439011287845,,14.932340560573163,101,,1.2161147269872155,5.0
Mellowmax DQN,mellowmax,0,100,25.24546945239698,-179.22846864004975,-21.70410306853801,1000,573.0,1.1610835060477256,5.0
Mellowmax DQN,mellowmax,0,101,-59.87235756457169,,14.71724903349783,102,,1.1872460082465528,5.0
Mellowmax DQN,mellowmax,0,102,-20.75410405093612,,10.810112951406792,201,,1.124577803843057,5.0
Mellowmax DQN,mellowmax,0,103,-14.896882006766674,,8.247058942554002,238,,1.1340322478228257,5.0
Mellowmax DQN,mellowmax,0,104,26.650462620849524,,15.87502448125319,110,,1.0996256118470973,5.0
Mellowmax DQN,mellowmax,0,105,-257.88751083436887,,8.469422689516737,198,,1.1732292431171494,5.0
Mellowmax DQN,mellowmax,0,106,-57.73098800580513,,19.77229492054429,86,,1.1413247931835264,5.0
Mellowmax DQN,mellowmax,0,107,-68.97031596488424,,11.4799254042037,94,,1.1999559852671116,5.0
Mellowmax DQN,mellowmax,0,108,0.4275787146101493,,17.39884204220498,87,,1.1992304503232583,5.0
Mellowmax DQN,mellowmax,0,109,-44.291466218637645,,13.655396411293431,114,,1.2269555725026549,5.0
Mellowmax DQN,mellowmax,0,110,-6.601514578686249,-163.20921747770348,17.983044613108916,85,658.0,1.2804235181387733,5.0
Mellowmax DQN,mellowmax,0,111,-83.57261077517157,,8.909568140019418,233,,1.1372341656889526,5.0
Mellowmax DQN,mellowmax,0,112,-79.08453986588222,,11.707460841136193,134,,1.0816254299968036,5.0
Mellowmax DQN,mellowmax,0,113,-9.643692472457744,,7.668035267679779,108,,1.1830728972951572,5.0
Mellowmax DQN,mellowmax,0,114,-56.533997983872,,9.52971498571163,215,,1.231659716506337,5.0
Mellowmax DQN,mellowmax,0,115,-156.8499710227301,,-1.3053016307726502,1000,,1.1561866700649261,5.0
Mellowmax DQN,mellowmax,0,116,-68.72985313139083,,12.27631102129817,164,,1.1969764863209027,5.0
Mellowmax DQN,mellowmax,0,117,-50.67683094179979,,12.314666976500302,160,,1.2054355043917895,5.0
Mellowmax DQN,mellowmax,0,118,7.778422044641163,,1.3592437057569624,1000,,1.1668970784842967,5.0
Mellowmax DQN,mellowmax,0,119,-73.80592602438519,,9.364591971266693,197,,1.2421729086619344,5.0
Mellowmax DQN,mellowmax,0,120,-98.79321753021318,-140.76889603556978,9.33602192732452,174,1000.0,1.082451520637534,5.0
Mellowmax DQN,mellowmax,0,121,-66.29538381057256,,15.913949483739477,112,,1.2440680119075946,5.0
Mellowmax DQN,mellowmax,0,122,-35.588448717710335,,12.063045261524342,135,,1.2139306258272242,5.0
Mellowmax DQN,mellowmax,0,123,37.59936765412058,,0.7788111385181546,1000,,1.1782913794517518,5.0
Mellowmax DQN,mellowmax,0,124,-15.843631504098965,,25.475613811641065,103,,1.2663637619574093,5.0
Mellowmax DQN,mellowmax,0,125,26.707430839849195,,16.25706018798653,174,,1.1456444453576515,5.0
Mellowmax DQN,mellowmax,0,126,19.13387138410988,,16.45770159411052,126,,1.1588379660296062,5.0
Mellowmax DQN,mellowmax,0,127,-109.4319672539073,,8.93033273963185,77,,1.1682778074369802,5.0
Mellowmax DQN,mellowmax,0,128,-156.36881488441347,,18.121712273277275,109,,1.274850343345502,5.0
Mellowmax DQN,mellowmax,0,129,24.81356617829873,,14.65405804730575,257,,1.2106630660680482,5.0
Mellowmax DQN,mellowmax,0,130,-99.2238277941704,-127.08860981990733,-3.570403330803262,346,1000.0,1.22580580645903,5.0
Mellowmax DQN,mellowmax,0,131,-26.413052781640864,,-0.717665803745389,1000,,1.2231636396050454,5.0
Mellowmax DQN,mellowmax,0,132,-75.57739161028596,,11.187654276633705,270,,1.2866212827187997,5.0
Mellowmax DQN,mellowmax,0,133,-22.91943458697692,,15.89846669949167,123,,1.3837225819990886,5.0
Mellowmax DQN,mellowmax,0,134,-25.86336761139789,,17.703189964182894,171,,1.2067537482021844,5.0
Mellowmax DQN,mellowmax,0,135,-110.40656355569202,,1.0655217046733014,256,,1.2985609050374478,5.0
Mellowmax DQN,mellowmax,0,136,-20.690571974478,,-2.660124008387327,1000,,1.2738955118060111,5.0
Mellowmax DQN,mellowmax,0,137,-28.41765256651135,,15.921472601856745,141,,1.2729522021526987,5.0
Mellowmax DQN,mellowmax,0,138,-181.19538609654188,,17.085603804670303,269,,1.2953991538751524,5.0
Mellowmax DQN,mellowmax,0,139,-18.403277369411242,,24.04116189479828,132,,1.3389574059031226,5.0
Mellowmax DQN,mellowmax,0,140,-157.22926906789417,-111.82022076127139,6.407766363704982,184,1000.0,1.3355667137581368,5.0
Mellowmax DQN,mellowmax,0,141,-41.13018729810615,,29.647999999287364,91,,1.2689492185037214,5.0
Mellowmax DQN,mellowmax,0,142,-49.64585564996575,,17.652861491326362,124,,1.3375681696399566,5.0
Mellowmax DQN,mellowmax,0,143,-3.0227206698682068,,21.002286973752472,152,,1.3678498475959426,5.0
Mellowmax DQN,mellowmax,0,144,-17.443116489600797,,28.623463803867125,106,,1.299234317721061,5.0
Mellowmax DQN,mellowmax,0,145,-158.42938981351296,,-0.5810860841328861,131,,1.2664162739542604,5.0
Mellowmax DQN,mellowmax,0,146,9.889667673688109,,21.004266726304284,161,,1.311220102243542,5.0
Mellowmax DQN,mellowmax,0,147,-6.75344134810571,,20.677631423158466,159,,1.2221492277751178,5.0
Mellowmax DQN,mellowmax,0,148,75.43773135577493,,1.9180071651637554,1000,,1.3649570354819298,5.0
Mellowmax DQN,mellowmax,0,149,-51.714531216723735,,28.55864008794348,83,,1.3685367308467267,5.0
Mellowmax DQN,mellowmax,0,150,46.22361148037466,-161.82449183858995,-12.317750366270543,1000,1000.0,1.3968952252566815,5.0
Mellowmax DQN,mellowmax,0,151,-31.7929016357178,,1.9062410966157912,1000,,1.438033095061779,5.0
Mellowmax DQN,mellowmax,0,152,-136.49266007402105,,-6.995308147185409,434,,1.485208938130036,5.0
Mellowmax DQN,mellowmax,0,153,-39.376515142343635,,30.99955505864662,114,,1.6027792258220805,5.0
Mellowmax DQN,mellowmax,0,154,47.08078203125048,,6.839959835018963,1000,,1.5551719657480716,5.0
Mellowmax DQN,mellowmax,0,155,42.620768614620985,,-4.161904106482863,1000,,1.6123842020630836,5.0
Mellowmax DQN,mellowmax,0,156,-9.719932894266833,,37.2566738880199,92,,1.57774927045988,5.0
Mellowmax DQN,mellowmax,0,157,-33.25139992926229,,-1.5282150485515595,125,,1.5579167647361756,5.0
Mellowmax DQN,mellowmax,0,158,15.31698674029937,,30.610492508919513,122,,1.678088330831684,5.0
Mellowmax DQN,mellowmax,0,159,22.530491472308416,,-13.17483785289526,1000,,1.5940397884845734,5.0
Mellowmax DQN,mellowmax,0,160,-82.0622340579399,60.80054599663595,26.352706729724844,93,944.0,1.5466722288439352,5.0
Mellowmax DQN,mellowmax,0,161,96.3697482903888,,-2.4198417598754167,1000,,1.5935082570910455,5.0
Mellowmax DQN,mellowmax,0,162,-28.59592289070278,,29.76986680359676,145,,1.5443391310757604,5.0
Mellowmax DQN,mellowmax,0,163,22.563649088443682,,24.309080780738622,201,,1.687608310832313,5.0
Mellowmax DQN,mellowmax,0,164,6.426931285837,,25.4217446606367,109,,1.612139727544347,5.0
Mellowmax DQN,mellowmax,0,165,-9.433664703920755,,29.97746280794558,115,,1.6869445629741835,5.0
Mellowmax DQN,mellowmax,0,166,111.01510067974623,,5.26855245153606,1000,,1.6603522356152534,5.0
Mellowmax DQN,mellowmax,0,167,-57.61585531086193,,19.607080833000296,136,,1.7307060935041483,5.0
Mellowmax DQN,mellowmax,0,168,39.05937816988396,,-3.6888598772734404,1000,,1.6363717217445373,5.0
Mellowmax DQN,mellowmax,0,169,-44.593397489782376,,25.55413915406574,110,,1.7241107230836694,5.0
Mellowmax DQN,mellowmax,0,170,-40.781517053783006,66.92385257886689,16.057979435857497,132,919.0,1.6327671322858694,5.0
Mellowmax DQN,mellowmax,0,171,-4.491998550774923,,29.314346417051848,122,,1.6826136234353801,5.0
Mellowmax DQN,mellowmax,0,172,-24.759815614326342,,32.72901681280628,97,,1.7997303801713531,5.0
Mellowmax DQN,mellowmax,0,173,129.62956375545176,,0.3712850187718868,1000,,1.6551415048241616,5.0
Mellowmax DQN,mellowmax,0,174,-33.088009993264194,,27.18833779076151,102,,1.583309586725983,5.0
Mellowmax DQN,mellowmax,0,175,110.27217014182966,,-5.724856307476759,1000,,1.6438693634271622,5.0
Mellowmax DQN,mellowmax,0,176,-165.45649420911707,,14.060291744981493,245,,1.6471241053269834,5.0
Mellowmax DQN,mellowmax,0,177,-17.587881093598156,,31.20730000610153,144,,1.6264337917996778,5.0
Mellowmax DQN,mellowmax,0,178,-70.53204999543625,,28.801761724579503,71,,1.5065638070375147,5.0
Mellowmax DQN,mellowmax,0,179,-39.35237335525166,,39.683944150021205,95,,1.644613286068565,5.0
Mellowmax DQN,mellowmax,0,180,82.06858782169888,100.14845723966081,4.57118986408785,1000,887.6,1.682083550542593,5.0
Mellowmax DQN,mellowmax,0,181,15.830988512773203,,35.2082949590683,150,,1.6776144440968832,5.0
Mellowmax DQN,mellowmax,0,182,15.879874720038234,,-0.786468203753233,1000,,1.6529905750751495,5.0
Mellowmax DQN,mellowmax,0,183,-8.535866194694378,,31.378110241686176,117,,1.595180702005696,5.0
Mellowmax DQN,mellowmax,0,184,7.555489377552803,,41.12085027775068,89,,1.5284297941775804,5.0
Mellowmax DQN,mellowmax,0,185,16.24448367730487,,40.31270977831262,127,,1.7116953434906608,5.0
Mellowmax DQN,mellowmax,0,186,90.50125392333987,,-1.282769634515047,1000,,1.6806642291545868,5.0
Mellowmax DQN,mellowmax,0,187,-23.867343140799775,,39.92436233452991,113,,1.7175268256558782,5.0
Mellowmax DQN,mellowmax,0,188,-44.5651829747752,,16.22353198414757,105,,1.5528588578814553,5.0
Mellowmax DQN,mellowmax,0,189,45.80023602275915,,44.79156256106592,155,,1.7086003476573575,5.0
Mellowmax DQN,mellowmax,0,190,-39.8091611881281,233.66134096534023,43.58032520612081,78,375.8,1.6115036262915685,5.0
Mellowmax DQN,mellowmax,0,191,133.63933559741432,,-0.7272476271390915,1000,,1.643006836771965,5.0
Mellowmax DQN,mellowmax,0,192,-48.29440961216633,,34.78652699734714,74,,1.697947088931058,5.0
Mellowmax DQN,mellowmax,0,193,-25.635723128340274,,42.65958875204836,112,,1.511071671864816,5.0
Mellowmax DQN,mellowmax,0,194,-18.96626858492681,,32.2911195067259,104,,1.5813711938949733,5.0
Mellowmax DQN,mellowmax,0,195,2.2779984784023135,,1.8474489813447,1000,,1.6760272648334502,5.0
Mellowmax DQN,mellowmax,0,196,32.17350632268386,,45.94325056203431,124,,1.6615960045206932,5.0
Mellowmax DQN,mellowmax,0,197,-61.57728637935475,,33.28226711795382,92,,1.7225994830546172,5.0
Mellowmax DQN,mellowmax,0,198,124.61817406840069,,4.939805884748697,1000,,1.7329428590238094,5.0
Mellowmax DQN,mellowmax,0,199,-26.68102894522839,,37.94712907956994,115,,1.7699910340101823,5.0
Mellowmax DQN,mellowmax,0,200,-16.37802094095936,136.91346556618578,47.473153018951415,110,671.4,1.5965580886060542,5.0
Mellowmax DQN,mellowmax,0,201,2.97431862252688,,47.471467048243476,95,,1.7506854389843187,5.0
Mellowmax DQN,mellowmax,0,202,-42.83455968396123,,41.80782377243042,75,,1.6618313773473103,5.0
Mellowmax DQN,mellowmax,0,203,110.40643694567197,,2.0328899834752083,1000,,1.6721344131827354,5.0
Mellowmax DQN,mellowmax,0,204,139.0744810483113,,4.110053300112486,1000,,1.7145220446288585,5.0
Mellowmax DQN,mellowmax,0,205,-0.22986623242552184,,38.74398625828326,128,,1.6598464082926512,5.0
Mellowmax DQN,mellowmax,0,206,17.73151440689992,,49.94364060264036,83,,1.647279656795134,5.0
Mellowmax DQN,mellowmax,0,207,-22.9962815784033,,33.799335899925424,126,,1.6441669009980702,5.0
Mellowmax DQN,mellowmax,0,208,23.622799446590506,,42.02096998503828,127,,1.7806567920474556,5.0
Mellowmax DQN,mellowmax,0,209,26.263180146841364,,47.9058093212463,91,,1.700000028688829,5.0
Mellowmax DQN,mellowmax,0,210,-84.89896155839875,209.29852405955475,18.9870570008999,327,559.2,1.6667682577710632,5.0
Mellowmax DQN,mellowmax,0,211,117.18951627469444,,3.0708186614513395,1000,,1.6821040620207786,5.0
Mellowmax DQN,mellowmax,0,212,109.98116419288452,,1.3092792006991805,1000,,1.661085678577423,5.0
Mellowmax DQN,mellowmax,0,213,13.560833902331268,,45.438605328167185,85,,1.8245357997277203,5.0
Mellowmax DQN,mellowmax,0,214,81.70873046367977,,2.268004594564438,1000,,1.6748685225248336,5.0
Mellowmax DQN,mellowmax,0,215,-26.66981842901481,,40.09850920082592,82,,1.859575751351147,5.0
Mellowmax DQN,mellowmax,0,216,40.654068757944856,,54.97165981928507,144,,1.5953643119169607,5.0
Mellowmax DQN,mellowmax,0,217,94.61274803071119,,6.463328197360039,1000,,1.6779671790599824,5.0
Mellowmax DQN,mellowmax,0,218,131.5572322123439,,1.158812753856182,1000,,1.6821729716062546,5.0
Mellowmax DQN,mellowmax,0,219,-54.634310530520416,,31.41753386203633,86,,1.607087296801944,5.0
Mellowmax DQN,mellowmax,0,220,175.43063447840808,164.61304130116397,4.960423158563674,1000,878.4,1.61560559669137,5.0
Mellowmax DQN,mellowmax,0,221,51.87059041918991,,55.52018898411801,95,,1.5301154870735971,5.0
Mellowmax DQN,mellowmax,0,222,16.332188579414193,,28.5697087262358,112,,1.6185238265565463,5.0
Mellowmax DQN,mellowmax,0,223,23.00027304112338,,58.769735771417615,120,,1.580489981174469,5.0
Mellowmax DQN,mellowmax,0,224,-11.813187945502719,,32.20927098606314,91,,1.6975476060594832,5.0
Mellowmax DQN,mellowmax,0,225,-43.63986017510149,,45.50077546411945,124,,1.7338927955396715,5.0
Mellowmax DQN,mellowmax,0,226,18.755594678468384,,45.86113107821037,116,,1.7173069710361546,5.0
Mellowmax DQN,mellowmax,0,227,102.4222485594975,,4.749582631602883,1000,,1.628327846944332,5.0
Mellowmax DQN,mellowmax,0,228,-87.24079045351245,,8.311045388407248,187,,1.5379211319321617,5.0
Mellowmax DQN,mellowmax,0,229,2.038078684051314,,55.70991100917889,79,,1.647767870486537,5.0
Mellowmax DQN,mellowmax,0,230,124.11126029065382,160.82791716814987,5.967463453292846,1000,820.6,1.6360576437711716,5.0
Mellowmax DQN,mellowmax,0,231,117.13250291831861,,12.140907093659044,1000,,1.576295970261097,5.0
Mellowmax DQN,mellowmax,0,232,41.33059549531919,,59.89532840657003,103,,1.6442823392673604,5.0
Mellowmax DQN,mellowmax,0,233,121.76807158062705,,10.008702219381929,1000,,1.5539163805246352,5.0
Mellowmax DQN,mellowmax,0,234,130.31807440287696,,6.1674286839216945,1000,,1.6098591514825822,5.0
Mellowmax DQN,mellowmax,0,235,137.08097718872074,,6.2888500000089405,1000,,1.5874989964663981,5.0
Mellowmax DQN,mellowmax,0,236,-0.622737242902474,,53.58210568385081,111,,1.5620265715831034,5.0
Mellowmax DQN,mellowmax,0,237,264.3245803924111,,12.532331873983027,506,,1.5579342046980802,5.0
Mellowmax DQN,mellowmax,0,238,143.83001158484814,,5.3230166368484495,1000,,1.5317360313534736,5.0
Mellowmax DQN,mellowmax,0,239,109.9525096766099,,2.2257549816817046,1000,,1.5598248431682586,5.0
Mellowmax DQN,mellowmax,0,240,10.557732064718792,251.3943751227774,50.105277981639894,121,363.4,1.5441388458259835,5.0
Mellowmax DQN,mellowmax,0,241,171.1356974983868,,8.369988948196173,1000,,1.5426743648946286,5.0
Mellowmax DQN,mellowmax,0,242,8.442759589257847,,9.98362593062222,1000,,1.4897802046239377,5.0
Mellowmax DQN,mellowmax,0,243,171.9962081885229,,8.30466525170207,1000,,1.4670778251886367,5.0
Mellowmax DQN,mellowmax,0,244,143.07827731775006,,6.9450927106589075,1000,,1.4453020451962948,5.0
Mellowmax DQN,mellowmax,0,245,134.2647616380559,,6.579329124167561,1000,,1.4532231753766536,5.0
Mellowmax DQN,mellowmax,0,246,121.64708535868301,,7.804748229797929,1000,,1.4545925158262252,5.0
Mellowmax DQN,mellowmax,0,247,129.33778556522475,,7.018357171624899,1000,,1.4289091418981552,5.0
Mellowmax DQN,mellowmax,0,248,55.30674671797367,,3.2767965670637786,1000,,1.449780886977911,5.0
Mellowmax DQN,mellowmax,0,249,123.4196032699338,,5.9467186369299885,1000,,1.4037479682266711,5.0
Mellowmax DQN,mellowmax,0,250,117.71478830175496,238.07378375921138,10.220544866967947,1000,429.4,1.3961044925153256,5.0
Mellowmax DQN,mellowmax,0,251,-23.075025857570637,,65.12459361409566,83,,1.3714075368570995,5.0
Mellowmax DQN,mellowmax,0,252,134.99383642783104,,6.5524292939528825,1000,,1.3379709511697293,5.0
Mellowmax DQN,mellowmax,0,253,249.0026607507896,,42.22874724413668,175,,1.442612865311759,5.0
Mellowmax DQN,mellowmax,0,254,39.53551172654048,,50.93743782724653,140,,1.3279090747237206,5.0
Mellowmax DQN,mellowmax,0,255,108.76395623148714,,9.818212759830057,1000,,1.4128757417798041,5.0
Mellowmax DQN,mellowmax,0,256,129.85054532163682,,9.512890177506954,1000,,1.3646932390034199,5.0
Mellowmax DQN,mellowmax,0,257,-4.038010389583704,,69.9666379231673,91,,1.2541804359509394,5.0
Mellowmax DQN,mellowmax,0,258,24.884624968102045,,66.4706414617025,104,,1.25474446066297,5.0
Mellowmax DQN,mellowmax,0,259,-3.04984925420996,,69.21833464426872,78,,1.564539569310653,5.0
Mellowmax DQN,mellowmax,0,260,-1.3761740092047035,209.67200736352555,28.907462306535777,381,570.2,1.4236759715505785,5.0
Mellowmax DQN,mellowmax,0,261,121.91838514526786,,8.415347137819976,1000,,1.330129577755928,5.0
Mellowmax DQN,mellowmax,0,262,-81.84837836352214,,16.759744942380536,310,,1.3722902978620222,5.0
Mellowmax DQN,mellowmax,0,263,110.20430962354278,,10.295378946751356,1000,,1.3083718941807747,5.0
Mellowmax DQN,mellowmax,0,264,63.87959976338672,,54.831714561128095,92,,1.2484638904747756,5.0
Mellowmax DQN,mellowmax,0,265,14.959541191362277,,51.60860537037705,132,,1.318665494747234,5.0
Mellowmax DQN,mellowmax,0,266,-53.636944392974016,,56.48782576123873,96,,1.3738411059603095,5.0
Mellowmax DQN,mellowmax,0,267,28.720749296657743,,67.4694948826196,106,,1.318344086970923,5.0
Mellowmax DQN,mellowmax,0,268,127.30608836080569,,9.092669204249978,1000,,1.3012825542390347,5.0
Mellowmax DQN,mellowmax,0,269,155.19457867570603,,13.083640209507196,1000,,1.348031351417303,5.0
Mellowmax DQN,mellowmax,0,270,109.50846498531114,229.4311923788705,11.354942935414613,1000,463.2,1.4013573569357396,5.0
Mellowmax DQN,mellowmax,0,271,121.98620434563789,,11.308520733207464,1000,,1.2800936430990697,5.0
Mellowmax DQN,mellowmax,0,272,213.99047313947884,,17.75610152670782,730,,1.3940535213849317,5.0
Mellowmax DQN,mellowmax,0,273,107.34466803670304,,8.531502915740013,1000,,1.3694585700929165,5.0
Mellowmax DQN,mellowmax,0,274,49.5621091306343,,9.405024588912726,1000,,1.3278036961257458,5.0
Mellowmax DQN,mellowmax,0,275,114.52626989208085,,9.965583476833999,1000,,1.3294169777929783,5.0
Mellowmax DQN,mellowmax,0,276,167.54242748699758,,14.510492665279656,1000,,1.296301040172577,5.0
Mellowmax DQN,mellowmax,0,277,149.13175596201816,,11.569703678380698,1000,,1.2786955055594444,5.0
Mellowmax DQN,mellowmax,0,278,158.4043055147082,,10.735018686249852,1000,,1.2619770092070102,5.0
Mellowmax DQN,mellowmax,0,279,51.943311720580695,,8.38480125458166,1000,,1.2556984049379825,5.0
Mellowmax DQN,mellowmax,0,280,68.17157444616294,211.01486257114243,13.914759044632316,1000,561.0,1.2217845401763916,5.0
Mellowmax DQN,mellowmax,0,281,123.432023459585,,8.484974509634078,1000,,1.174003088414669,5.0
Mellowmax DQN,mellowmax,0,282,27.29631055351348,,76.1549366967291,117,,1.1848584956083543,5.0
Mellowmax DQN,mellowmax,0,283,123.93183525025283,,11.464431380063296,1000,,1.2077949416637421,5.0
Mellowmax DQN,mellowmax,0,284,128.08209800882454,,8.085693699270486,1000,,1.2255942641794682,5.0
Mellowmax DQN,mellowmax,0,285,259.68035019214926,,22.546750134917406,390,,1.2115738544708643,5.0
Mellowmax DQN,mellowmax,0,286,20.263849847652892,,68.22333044679756,117,,1.1844900767517905,5.0
Mellowmax DQN,mellowmax,0,287,74.7980554307623,,5.256960724428296,1000,,1.1597757323384286,5.0
Mellowmax DQN,mellowmax,0,288,121.19788648401534,,11.00288319484517,1000,,1.1958568350076675,5.0
Mellowmax DQN,mellowmax,0,289,106.01114021190003,,7.070387983046472,1000,,1.1486783696711063,5.0
Mellowmax DQN,mellowmax,0,290,125.12313614152373,133.54823938166402,11.025355819761753,1000,917.4,1.1649248076975345,5.0
Mellowmax DQN,mellowmax,0,291,127.23247327552308,,10.13617074565217,1000,,1.0940736488103866,5.0
Mellowmax DQN,mellowmax,0,292,24.19601368330285,,72.4405952010836,98,,1.006079523843162,5.0
Mellowmax DQN,mellowmax,0,293,154.6916442618761,,11.717972528859972,1000,,1.0917464834451676,5.0
Mellowmax DQN,mellowmax,0,294,147.10652038666495,,13.547830528546125,1000,,1.1012005856931208,5.0
Mellowmax DQN,mellowmax,0,295,17.44164796795414,,66.70545450467912,126,,1.02561905861847,5.0
Mellowmax DQN,mellowmax,0,296,6.925801936751483,,63.40132391011274,108,,1.1073377510463749,5.0
Mellowmax DQN,mellowmax,0,297,145.49726975284594,,10.27404765542224,1000,,1.0201976607739924,5.0
Mellowmax DQN,mellowmax,0,298,90.91186319470675,,8.97941570075974,1000,,1.0698531985580921,5.0
Mellowmax DQN,mellowmax,0,299,69.77608849520809,,6.155416760396212,1000,,0.982476474493742,5.0
Mellowmax DQN,mellowmax,0,300,154.310899230704,238.33306454909211,9.211248742621391,1000,371.4,0.9935835611522198,5.0
Mellowmax DQN,mellowmax,0,301,254.2016712960531,,14.035375981714544,682,,0.9825579881493297,5.0
Mellowmax DQN,mellowmax,0,302,-12.825920347523592,,60.80521517470479,80,,1.0341381222009658,5.0
Mellowmax DQN,mellowmax,0,303,170.05399862209677,,10.212277388785035,1000,,0.9521237186491489,5.0
Mellowmax DQN,mellowmax,0,304,151.50985125726277,,10.992111090928317,1000,,0.938327232003212,5.0
Mellowmax DQN,mellowmax,0,305,58.321884742067155,,21.66590148419142,1000,,0.9333319062143565,5.0
Mellowmax DQN,mellowmax,0,306,37.324256183918436,,76.85091703026383,108,,0.8646183742417229,5.0
Mellowmax DQN,mellowmax,0,307,125.28054741400888,,7.9204740817025305,1000,,0.936191618964076,5.0
Mellowmax DQN,mellowmax,0,308,115.92643277193311,,9.258578578043728,1000,,0.882565576210618,5.0
Mellowmax DQN,mellowmax,0,309,104.23998518753028,,11.73259970286861,1000,,0.8970293023735285,5.0
Mellowmax DQN,mellowmax,0,310,135.72611007056935,239.6006464244298,9.258567488513886,1000,449.6,0.833008614808321,5.0
Mellowmax DQN,mellowmax,0,311,147.2264823496515,,8.426025998689234,1000,,0.816769511282444,5.0
Mellowmax DQN,mellowmax,0,312,35.477701026306875,,67.11940224965413,168,,0.8070149943232536,5.0
Mellowmax DQN,mellowmax,0,313,116.5362710897912,,8.194205558098853,1000,,0.787351134300232,5.0
Mellowmax DQN,mellowmax,0,314,160.5420873799158,,11.417193594649435,1000,,0.7420158163011074,5.0
Mellowmax DQN,mellowmax,0,315,25.22378617729447,,81.54507700540125,128,,0.8019252496305853,5.0
Mellowmax DQN,mellowmax,0,316,163.12072590305615,,15.097553476780654,1000,,0.7563935399204492,5.0
Mellowmax DQN,mellowmax,0,317,146.58042404282486,,8.548350810140372,1000,,0.7451063315421342,5.0
Mellowmax DQN,mellowmax,0,318,-6.376751484808466,,68.81700171493902,82,,0.6968130572903447,5.0
Mellowmax DQN,mellowmax,0,319,70.7770798683022,,14.289785917535424,1000,,0.7106335383951664,5.0
Mellowmax DQN,mellowmax,0,320,194.52333100885306,104.55200569482085,16.829211963310836,1000,317.0,0.6606702032834292,5.0
Mellowmax DQN,mellowmax,0,321,188.20371194100144,,12.394522472448616,932,,0.6698316720518176,5.0
Mellowmax DQN,mellowmax,0,322,106.22505826247516,,13.384332910180092,1000,,0.6676111743301153,5.0
Mellowmax DQN,mellowmax,0,323,10.236301954389234,,43.855606564866285,227,,0.6694800234051003,5.0
Mellowmax DQN,mellowmax,0,324,165.24538039614134,,11.467672613322735,1000,,0.6416157931089401,5.0
Mellowmax DQN,mellowmax,0,325,171.9999440339963,,6.136725624382496,1000,,0.601550951436162,5.0
Mellowmax DQN,mellowmax,0,326,189.6706477336688,,10.905305882610381,1000,,0.6028174736946821,5.0
Mellowmax DQN,mellowmax,0,327,0.11847159209804659,,71.33780159950257,120,,0.5843328079829614,5.0
Mellowmax DQN,mellowmax,0,328,118.92886778936399,,10.551694103993475,1000,,0.5732373517006636,5.0
Mellowmax DQN,mellowmax,0,329,251.44978201609388,,9.8945558063738,715,,0.5582531942145808,5.0
Mellowmax DQN,mellowmax,0,330,249.0069973444822,152.36037076223676,7.992980791730522,722,487.6,0.5745917878776706,5.0
Mellowmax DQN,mellowmax,0,331,6.898139646318697,,65.74805924780081,191,,0.525281758286566,5.0
Mellowmax DQN,mellowmax,0,332,178.16580473873438,,13.35488508029282,1000,,0.5473391115665436,5.0
Mellowmax DQN,mellowmax,0,333,94.41938746209881,,11.168982673600317,1000,,0.5466189248114824,5.0
Mellowmax DQN,mellowmax,0,334,146.4568401973456,,8.476677948616445,1000,,0.5114160504341125,5.0
Mellowmax DQN,mellowmax,0,335,-20.632397677864944,,42.642358272203374,224,,0.5425445902427393,5.0
Mellowmax DQN,mellowmax,0,336,16.984642126925237,,82.49024753726047,115,,0.5235170159650886,5.0
Mellowmax DQN,mellowmax,0,337,79.33575645800502,,10.532028204262257,1000,,0.5228106191754341,5.0
Mellowmax DQN,mellowmax,0,338,148.88220287939524,,7.83909651042521,1000,,0.5114278153106571,5.0
Mellowmax DQN,mellowmax,0,339,144.1835077996719,,9.165327768221498,1000,,0.5266420139297843,5.0
Mellowmax DQN,mellowmax,0,340,149.31361189740764,164.07166490844102,7.033900315232575,1000,388.0,0.5192191197350621,5.0
Mellowmax DQN,mellowmax,0,341,166.77644958194145,,7.475618985772133,1000,,0.4902503731995821,5.0
Mellowmax DQN,mellowmax,0,342,157.2320951534453,,7.010354517042637,1000,,0.4671042004674673,5.0
Mellowmax DQN,mellowmax,0,343,151.75604319593472,,8.181916214853524,1000,,0.4565967678055167,5.0
Mellowmax DQN,mellowmax,0,344,132.2155441710715,,7.737562310501933,1000,,0.44278946283459664,5.0
Mellowmax DQN,mellowmax,0,345,173.75096791088208,,10.590050528451801,1000,,0.44759736167639497,5.0
Mellowmax DQN,mellowmax,0,346,25.93446393201262,,65.33830960117169,134,,0.43042261915198016,5.0
Mellowmax DQN,mellowmax,0,347,148.61273059579787,,8.453114450603724,1000,,0.40938781321793793,5.0
Mellowmax DQN,mellowmax,0,348,25.02930136861451,,62.61592571958002,166,,0.39436369438666896,5.0
Mellowmax DQN,mellowmax,0,349,137.16964326161872,,7.341976040661335,1000,,0.40254085523635147,5.0
Mellowmax DQN,mellowmax,0,350,166.66634736450655,159.42728024678007,10.158371404409408,1000,700.4,0.414547637835145,5.0
Mellowmax DQN,mellowmax,0,351,156.31441323687815,,6.476586249195039,1000,,0.4047961946055293,5.0
Mellowmax DQN,mellowmax,0,352,140.51356550825867,,6.26202753572166,1000,,0.39694411370903254,5.0
Mellowmax DQN,mellowmax,0,353,211.6008435277416,,34.36199834133767,326,,0.3601113747736793,5.0
Mellowmax DQN,mellowmax,0,354,-27.12184393159727,,83.71618097616454,118,,0.3516863979778047,5.0
Mellowmax DQN,mellowmax,0,355,168.42038349525464,,7.084807603240013,1000,,0.3776814776584506,5.0
Mellowmax DQN,mellowmax,0,356,71.05828171118847,,15.545938373334705,1000,,0.3811129327639937,5.0
Mellowmax DQN,mellowmax,0,357,178.7435700203919,,11.083536899626255,1000,,0.37821431750804185,5.0
Mellowmax DQN,mellowmax,0,358,146.34343200227303,,4.209149054639042,1000,,0.37010888386517765,5.0
Mellowmax DQN,mellowmax,0,359,135.0843895271835,,4.0051913097947835,1000,,0.38676500909030437,5.0
Mellowmax DQN,mellowmax,0,360,261.71052687516396,244.25009859182728,8.355148749972631,903,424.8,0.3557535010665358,5.0
Mellowmax DQN,mellowmax,0,361,117.4208318923356,,5.4427241664528845,1000,,0.3433939714208245,5.0
Mellowmax DQN,mellowmax,0,362,-13.590531754692748,,77.70731995248387,117,,0.3165362246780314,5.0
Mellowmax DQN,mellowmax,0,363,-29.95079581092044,,82.74030842319611,124,,0.343421864593702,5.0
Mellowmax DQN,mellowmax,0,364,207.61790815906184,,19.693217250996597,337,,0.3438538109734433,5.0
Mellowmax DQN,mellowmax,0,365,169.39701725255077,,9.367669132888317,1000,,0.3294007857590914,5.0
Mellowmax DQN,mellowmax,0,366,104.55441645229871,,2.378305705741048,1000,,0.35148905432224276,5.0
Mellowmax DQN,mellowmax,0,367,130.8864807542119,,5.915504644870758,1000,,0.3346574005112052,5.0
Mellowmax DQN,mellowmax,0,368,170.08931752477915,,1.8051572028249503,1000,,0.32391715214401484,5.0
Mellowmax DQN,mellowmax,0,369,50.26228317425105,,88.0673895893675,132,,0.2981712141949119,5.0
Mellowmax DQN,mellowmax,0,370,170.08554582453598,164.5459815044027,5.608725537866354,1000,514.4,0.33362256150692704,5.0
Mellowmax DQN,mellowmax,0,371,279.9830713303516,,24.99241544507979,362,,0.338990348416962,5.0
Mellowmax DQN,mellowmax,0,372,-23.23123113192763,,82.63159202007537,94,,0.3189536042590725,5.0
Mellowmax DQN,mellowmax,0,373,156.65000731631133,,9.292287307858468,1000,,0.32637968472391365,5.0
Mellowmax DQN,mellowmax,0,374,148.74276558853256,,3.893005893826485,1000,,0.3111249917298555,5.0
Mellowmax DQN,mellowmax,0,375,153.49110458651987,,3.721135180592537,1000,,0.3024930690899491,5.0
Mellowmax DQN,mellowmax,0,376,106.0576448300804,,4.360315110966563,1000,,0.31443903762102127,5.0
Mellowmax DQN,mellowmax,0,377,22.533037948682107,,78.78450775146484,114,,0.34353942829265927,5.0
Mellowmax DQN,mellowmax,0,378,141.47706669708435,,5.782855333119631,1000,,0.3101618749946356,5.0
Mellowmax DQN,mellowmax,0,379,167.33137600988286,,6.887441728070378,1000,,0.30737817664444445,5.0
Mellowmax DQN,mellowmax,0,380,136.63134074095456,200.32404949108349,3.208429456427693,1000,348.0,0.28818853360414504,5.0
Mellowmax DQN,mellowmax,0,381,44.7505530160837,,81.91462345780998,116,,0.26876302994787693,5.0
Mellowmax DQN,mellowmax,0,382,136.82892187935616,,2.82407694286108,1000,,0.3140576555877924,5.0
Mellowmax DQN,mellowmax,0,383,21.311866717114086,,91.4858570098877,83,,0.36434297586779996,5.0
Mellowmax DQN,mellowmax,0,384,286.66576978827896,,11.648553283860817,843,,0.3011050561922442,5.0
Mellowmax DQN,mellowmax,0,385,238.1480874256975,,4.2717715611109455,811,,0.30879784199959254,5.0
Mellowmax DQN,mellowmax,0,386,41.426468953772,,91.85802546824057,127,,0.291727421966594,5.0
Mellowmax DQN,mellowmax,0,387,41.129675843471034,,98.83876058459282,128,,0.2747172379749827,5.0
Mellowmax DQN,mellowmax,0,388,253.41996260087956,,11.468243100127077,887,,0.29093071793992464,5.0
Mellowmax DQN,mellowmax,0,389,248.96408463405072,,16.73318678687233,458,,0.26787348298201397,5.0
Mellowmax DQN,mellowmax,0,390,187.72182809859171,247.07715191842834,8.345004114240409,1000,372.4,0.31184422709792853,5.0
Mellowmax DQN,mellowmax,0,391,144.6738925718821,,8.226494685247541,1000,,0.306533688403666,5.0
Mellowmax DQN,mellowmax,0,392,187.72775392590344,,6.606642041519284,1000,,0.30243859196826817,5.0
Mellowmax DQN,mellowmax,0,393,143.98958503031693,,6.612770231485367,1000,,0.26147437721863387,5.0
Mellowmax DQN,mellowmax,0,394,291.98033413693986,,27.70866851528845,442,,0.27854672118144874,5.0
Mellowmax DQN,mellowmax,0,395,162.4130314848757,,8.062958468258381,1000,,0.2823901698589325,5.0
Mellowmax DQN,mellowmax,0,396,179.38046034560236,,9.469070748507976,1000,,0.281021098934114,5.0
Mellowmax DQN,mellowmax,0,397,261.45385942861344,,11.316669020901864,670,,0.2594995621647408,5.0
Mellowmax DQN,mellowmax,0,398,295.1890098085347,,32.9858810515917,367,,0.26343460226741083,5.0
Mellowmax DQN,mellowmax,0,399,216.31890592240953,,29.54755721219664,449,,0.2518363134864975,5.0
Mellowmax DQN,mellowmax,0,400,47.256059976908716,208.9190574414034,77.07529206709428,121,325.2,0.27579561097562805,5.0
Mellowmax DQN,mellowmax,0,401,110.40413959869451,,6.337929459899664,1000,,0.27619893131405115,5.0
Mellowmax DQN,mellowmax,0,402,54.357846388725136,,92.53585168132632,127,,0.22922921576720523,5.0
Mellowmax DQN,mellowmax,0,403,22.804785002171315,,101.64109343890996,129,,0.25583511163559997,5.0
Mellowmax DQN,mellowmax,0,404,-76.14093025295247,,97.13323652744293,64,,0.24899928155355155,5.0
Mellowmax DQN,mellowmax,0,405,116.60297353085986,,6.999408025987447,1000,,0.2618302311599255,5.0
Mellowmax DQN,mellowmax,0,406,294.1621011043334,,12.67780663893021,756,,0.25487525494542546,5.0
Mellowmax DQN,mellowmax,0,407,123.60352970705075,,9.181578658699989,1000,,0.27866822546347975,5.0
Mellowmax DQN,mellowmax,0,408,221.08107209976976,,14.208660001645065,614,,0.256519118002358,5.0
Mellowmax DQN,mellowmax,0,409,256.72813687061756,,4.686459216330431,904,,0.2627250442561586,5.0
Mellowmax DQN,mellowmax,0,410,291.0298157566641,273.76952720678094,35.436199670712625,338,250.6,0.29251013799796444,5.0
Mellowmax DQN,mellowmax,0,411,-357.37538233124775,,60.77365755171497,359,,0.25231491232648867,5.0
Mellowmax DQN,mellowmax,0,412,244.5141910788617,,23.866151152916675,371,,0.27068408522403464,5.0
Mellowmax DQN,mellowmax,0,413,254.9072958528554,,7.778830445719349,715,,0.23178350158504674,5.0
Mellowmax DQN,mellowmax,0,414,159.53368512274466,,9.939144265115262,1000,,0.24598011794313787,5.0
Mellowmax DQN,mellowmax,0,415,156.5784239773384,,11.33125837185979,1000,,0.2388731230571866,5.0
Mellowmax DQN,mellowmax,0,416,151.9216259596636,,7.647976274639368,1000,,0.24655348973721267,5.0
Mellowmax DQN,mellowmax,0,417,38.0535811984966,,95.0864026772715,137,,0.2666673917241775,5.0
Mellowmax DQN,mellowmax,0,418,234.59871839110758,,6.553093552501244,845,,0.24795961130035699,5.0
Mellowmax DQN,mellowmax,0,419,252.4708818779771,,12.842890273538583,680,,0.246364770999507,5.0
Mellowmax DQN,mellowmax,0,420,167.18100144169645,269.38764678324986,8.60220353358984,1000,256.6,0.23541937521472572,5.0
Mellowmax DQN,mellowmax,0,421,170.13133400835505,,5.587607248902321,1000,,0.25385574128851296,5.0
Mellowmax DQN,mellowmax,0,422,152.60524419371905,,5.4099582090377805,1000,,0.23403782903030515,5.0
Mellowmax DQN,mellowmax,0,423,288.70030192248987,,17.19314115839218,804,,0.22747787507482578,5.0
Mellowmax DQN,mellowmax,0,424,257.443144554515,,21.61127252902599,346,,0.22581196770158118,5.0
Mellowmax DQN,mellowmax,0,425,148.20195355314388,,6.378303292274475,1000,,0.22412721779569983,5.0
Mellowmax DQN,mellowmax,0,426,138.9340517557359,,8.674213755011559,1000,,0.23960276775807143,5.0
Mellowmax DQN,mellowmax,0,427,196.9554280510423,,12.743077635243536,1000,,0.23778902197629212,5.0
Mellowmax DQN,mellowmax,0,428,153.32538795108508,,12.14806365120411,1000,,0.2284532936066389,5.0
Mellowmax DQN,mellowmax,0,429,223.22841055373107,,28.794711933269724,439,,0.23616251123725418,5.0
Mellowmax DQN,mellowmax,0,430,166.87239390631856,41.51172013169581,6.848056471610494,953,629.8,0.22496096871144375,5.0
Mellowmax DQN,mellowmax,0,431,178.8127587059028,,11.060677123084664,1000,,0.22887876008823513,5.0
Mellowmax DQN,mellowmax,0,432,-76.8232837401963,,99.1983572307386,95,,0.20527774122984785,5.0
Mellowmax DQN,mellowmax,0,433,138.50791834750288,,4.943625551283359,1000,,0.2409966861605644,5.0
Mellowmax DQN,mellowmax,0,434,-131.53573926768848,,90.98107895098235,76,,0.19934979252713292,5.0
Mellowmax DQN,mellowmax,0,435,-89.97714545374355,,96.80493004208519,105,,0.23664443602874166,5.0
Mellowmax DQN,mellowmax,0,436,262.8020057736436,,38.529224893926184,257,,0.2291681244679462,5.0
Mellowmax DQN,mellowmax,0,437,272.5123001350745,,8.25088268156451,955,,0.22921604910836169,5.0
Mellowmax DQN,mellowmax,0,438,-93.48176641346663,,95.74538223743438,80,,0.2424649981316179,5.0
Mellowmax DQN,mellowmax,0,439,282.0406091419229,,15.062608466284317,855,,0.24513641818922166,5.0
Mellowmax DQN,mellowmax,0,440,232.94865529847146,6.68919702842407,22.27693593242894,345,112.4,0.25009112199363503,5.0
Mellowmax DQN,mellowmax,0,441,-54.37204940264792,,94.00338609244234,93,,0.2868168059215751,5.0
Mellowmax DQN,mellowmax,0,442,1.0823945288430963,,84.479737459603,118,,0.2587219695797411,5.0
Mellowmax DQN,mellowmax,0,443,264.09475459105613,,12.870327548218555,610,,0.2525318732088218,5.0
Mellowmax DQN,mellowmax,0,444,-107.30797491705377,,72.86287350362608,173,,0.2474137256083461,5.0
Mellowmax DQN,mellowmax,0,445,6.4870666572353315,,86.54244154879922,95,,0.24473650145687556,5.0
Mellowmax DQN,mellowmax,0,446,11.152625152323367,,89.77529392885359,89,,0.30446359146846813,5.0
Mellowmax DQN,mellowmax,0,447,171.49315414099965,,6.193966415196657,1000,,0.2579031814225018,5.0
Mellowmax DQN,mellowmax,0,448,136.23697575659054,,3.411320738375187,1000,,0.24536034796759487,5.0
Mellowmax DQN,mellowmax,0,449,152.6624607775374,,4.09641995549202,1000,,0.2415384800955653,5.0
Mellowmax DQN,mellowmax,0,450,188.82925037484515,245.17734803541015,10.970304557651282,1000,517.0,0.22671322828531265,5.0
Mellowmax DQN,mellowmax,0,451,272.45835719113745,,34.62427994639603,291,,0.21258246103666492,5.0
Mellowmax DQN,mellowmax,0,452,235.7063116136819,,6.274287762217427,806,,0.2292535227235804,5.0
Mellowmax DQN,mellowmax,0,453,141.08382776341034,,4.67721409869194,1000,,0.24057008787989617,5.0
Mellowmax DQN,mellowmax,0,454,43.60456845750838,,91.23291688942048,83,,0.2619300641299012,5.0
Mellowmax DQN,mellowmax,0,455,133.47660457399274,,4.491789348781109,1000,,0.23866649862006306,5.0
Mellowmax DQN,mellowmax,0,456,128.56302924902792,,7.804024332240224,1000,,0.22983146476000546,5.0
Mellowmax DQN,mellowmax,0,457,187.12165681312757,,5.696719716012478,1000,,0.21259216757677496,5.0
Mellowmax DQN,mellowmax,0,458,146.61739160365067,,7.508272097922862,1000,,0.24790908752754331,5.0
Mellowmax DQN,mellowmax,0,459,200.88973705930155,,11.077656621813775,1000,,0.23588761585578322,5.0
Mellowmax DQN,mellowmax,0,460,102.51842959116246,232.5578167012306,5.071880769081414,1000,670.2,0.24109728160500526,5.0
Mellowmax DQN,mellowmax,0,461,150.7090652181927,,7.805277757257223,1000,,0.22934578105062248,5.0
Mellowmax DQN,mellowmax,0,462,184.32714664264455,,9.072470403194428,1000,,0.22440153396874665,5.0
Mellowmax DQN,mellowmax,0,463,181.56662869577934,,9.173736509859562,1000,,0.23555639036372303,5.0
Mellowmax DQN,mellowmax,0,464,53.53912383180739,,92.78561291487321,92,,0.2535703417075717,5.0
Mellowmax DQN,mellowmax,0,465,209.60689863714433,,39.73222520706629,198,,0.24026559137108952,5.0
Mellowmax DQN,mellowmax,0,466,277.8021401722964,,7.5972561555190214,720,,0.23678787702487575,5.0
Mellowmax DQN,mellowmax,0,467,149.45154999266478,,7.126877978384495,1000,,0.2169223792217672,5.0
Mellowmax DQN,mellowmax,0,468,154.28257218678687,,4.564274991303682,1000,,0.23387954684719442,5.0
Mellowmax DQN,mellowmax,0,469,206.617161360845,,29.508678591210547,292,,0.23646326271230228,5.0
Mellowmax DQN,mellowmax,0,470,176.15203665757147,280.34757672140444,8.925387319207191,1000,219.0,0.24648045106977223,5.0
Mellowmax DQN,mellowmax,0,471,137.5847184776528,,5.369870807155967,1000,,0.22867481951788068,5.0
Mellowmax DQN,mellowmax,0,472,237.75046559139759,,30.350525594949723,300,,0.22522920597344637,5.0
Mellowmax DQN,mellowmax,0,473,169.9460553755804,,3.8840004577189684,1000,,0.2133790111169219,5.0
Mellowmax DQN,mellowmax,0,474,176.42328683611922,,10.049147219955922,1000,,0.2208499400988221,5.0
Mellowmax DQN,mellowmax,0,475,-6.5570332553096335,,80.4385139056302,109,,0.27608738716589204,5.0
Mellowmax DQN,mellowmax,0,476,173.78883633629704,,5.63258984002471,1000,,0.22996673513203858,5.0
Mellowmax DQN,mellowmax,0,477,252.3830870742171,,15.682821965036283,526,,0.22434537965421894,5.0
Mellowmax DQN,mellowmax,0,478,285.03715175818905,,23.415088745983024,475,,0.22906491720362712,5.0
Mellowmax DQN,mellowmax,0,479,303.03763606129803,,23.916002212102494,547,,0.19812366909856552,5.0
Mellowmax DQN,mellowmax,0,480,161.24319964370338,274.95402368395435,6.733826331228018,1000,210.6,0.22299357686936855,5.0
Mellowmax DQN,mellowmax,0,481,247.90761080698647,,29.63199786149739,366,,0.22978982673398132,5.0
Mellowmax DQN,mellowmax,0,482,154.80322345846247,,7.30890276414156,1000,,0.22753902772814036,5.0
Mellowmax DQN,mellowmax,0,483,276.57379981163433,,26.570417155265808,375,,0.18707575771212578,5.0
Mellowmax DQN,mellowmax,0,484,113.665534949213,,8.253664557650685,1000,,0.22557749307900668,5.0
Mellowmax DQN,mellowmax,0,485,161.66649914832402,,6.720473284959793,1000,,0.21836479077115656,5.0
Mellowmax DQN,mellowmax,0,486,258.0493351630888,,7.2209014655220365,899,,0.21963126819841855,5.0
Mellowmax DQN,mellowmax,0,487,191.053840836079,,5.759199821099639,1000,,0.22608112043701112,5.0
Mellowmax DQN,mellowmax,0,488,194.63826613228952,,9.70138811288774,1000,,0.2427529270015657,5.0
Mellowmax DQN,mellowmax,0,489,170.78230722316826,,9.245124003022909,1000,,0.22662319899350405,5.0
Mellowmax DQN,mellowmax,0,490,155.02316176548706,154.2604076989381,7.652636141330004,1000,180.2,0.2238568778950721,5.0
Mellowmax DQN,mellowmax,0,491,239.52163475970673,,15.438059878307255,567,,0.21492601707052092,5.0
Mellowmax DQN,mellowmax,0,492,145.85948072831127,,7.541100397855043,1000,,0.21182288607396185,5.0
Mellowmax DQN,mellowmax,0,493,6.055902951750738,,100.13451201416726,172,,0.22486379231477893,5.0
Mellowmax DQN,mellowmax,0,494,189.1475578092829,,9.76147309474647,1000,,0.21888956279866398,5.0
Mellowmax DQN,mellowmax,0,495,166.12382275556203,,8.546892756178975,1000,,0.21235462491214274,5.0
Mellowmax DQN,mellowmax,0,496,180.10225481050674,,8.885097567081452,1000,,0.2165539490580559,5.0
Mellowmax DQN,mellowmax,0,497,178.95295796185923,,6.440355409264565,1000,,0.2090654995907098,5.0
Mellowmax DQN,mellowmax,0,498,-69.58764615960453,,97.00685691833496,86,,0.21404001194723818,5.0
Mellowmax DQN,mellowmax,0,499,269.82848900654733,,5.913576733295837,890,,0.19790734515180078,5.0
Mellowmax DQN,mellowmax,0,500,279.12690327269354,74.60585653830434,29.646657201872078,372,146.2,0.21645960910746487,5.0
Mellowmax DQN,mellowmax,0,501,152.15872320799934,,8.151509362965822,1000,,0.20236383318528534,5.0
Mellowmax DQN,mellowmax,0,502,45.24180898377054,,97.50854038056873,84,,0.23681626916818677,5.0
Mellowmax DQN,mellowmax,0,503,38.731167420603754,,83.27577020471746,110,,0.21414870125326244,5.0
Mellowmax DQN,mellowmax,0,504,271.93230559708593,,9.719223878511185,729,,0.23203943125566337,5.0
Mellowmax DQN,mellowmax,0,505,125.92813404288128,,5.57604271107912,1000,,0.2291907039731741,5.0
Mellowmax DQN,mellowmax,0,506,164.58636031042568,,6.905347567856312,1000,,0.21987328987009824,5.0
Mellowmax DQN,mellowmax,0,507,151.0859395588333,,9.392478041887284,1000,,0.23214372575283052,5.0
Mellowmax DQN,mellowmax,0,508,24.959113484856843,,93.06693704183712,86,,0.22599393471555654,5.0
Mellowmax DQN,mellowmax,0,509,44.69770558477188,,89.93727135834871,135,,0.20906729430512147,5.0
Mellowmax DQN,mellowmax,0,510,200.89196046291647,271.2709086130172,11.189431080818176,1000,256.2,0.2243665935937315,5.0
Mellowmax DQN,mellowmax,0,511,13.111593428803445,,76.23443981883972,123,,0.21317510140257154,5.0
Mellowmax DQN,mellowmax,0,512,166.5462848481393,,8.440566504567862,1000,,0.23116863706707955,5.0
Mellowmax DQN,mellowmax,0,513,140.03600546619936,,6.459151715897024,1000,,0.2116158350110054,5.0
Mellowmax DQN,mellowmax,0,514,25.105104199128732,,82.71881657939846,118,,0.15383333100353258,5.0
Mellowmax DQN,mellowmax,0,515,185.17255260410784,,10.005259061276913,1000,,0.21740638564154505,5.0
Mellowmax DQN,mellowmax,0,516,200.11175419179565,,8.812788383185863,1000,,0.21328832795098424,5.0
Mellowmax DQN,mellowmax,0,517,290.0044768471761,,24.856367296831948,420,,0.20933424945743312,5.0
Mellowmax DQN,mellowmax,0,518,126.18354532241939,,4.8900302334874866,1000,,0.20242858474329115,5.0
Mellowmax DQN,mellowmax,0,519,282.4140231594902,,12.950062347680145,644,,0.19893822743216102,5.0
Mellowmax DQN,mellowmax,0,520,290.70257438102306,277.94970023311464,48.50077373879894,399,590.0,0.18416912281152822,5.0
Mellowmax DQN,mellowmax,0,521,299.7033519803906,,41.90480014861755,265,,0.2043432395553814,5.0
Mellowmax DQN,mellowmax,0,522,306.4925975460933,,60.82718423862083,255,,0.22883680297755726,5.0
Mellowmax DQN,mellowmax,0,523,183.79346235346682,,7.332726841211319,1000,,0.2004327462911606,5.0
Mellowmax DQN,mellowmax,0,524,30.005013930942994,,85.38653107527848,91,,0.20801193342840935,5.0
Mellowmax DQN,mellowmax,0,525,282.35884510688015,,20.654905930533232,481,,0.19936784917949515,5.0
Mellowmax DQN,mellowmax,0,526,283.7382269345482,,29.03758155556468,385,,0.19470284169951044,5.0
Mellowmax DQN,mellowmax,0,527,295.47274219874134,,10.549436681002181,755,,0.1921535491869347,5.0
Mellowmax DQN,mellowmax,0,528,25.78335179974134,,76.93211290817852,129,,0.206883663744774,5.0
Mellowmax DQN,mellowmax,0,529,247.71592870350173,,11.29407949137547,593,,0.20235535312714104,5.0
Mellowmax DQN,mellowmax,0,530,183.10982221195275,233.75456862131264,6.763229301966727,1000,623.6,0.2084470805376768,5.0
Mellowmax DQN,mellowmax,0,531,25.899403290377904,,76.8859255518232,105,,0.20303298852273396,5.0
Mellowmax DQN,mellowmax,0,532,174.07486460856651,,2.8133788720667363,1000,,0.19618261095508932,5.0
Mellowmax DQN,mellowmax,0,533,126.95484360533597,,3.6943128759860993,1000,,0.19290532764978707,5.0
Mellowmax DQN,mellowmax,0,534,62.77904706746983,,72.42207378756468,157,,0.16578740212520596,5.0
Mellowmax DQN,mellowmax,0,535,257.7876284559255,,20.954830918484912,469,,0.19491846611631958,5.0
Mellowmax DQN,mellowmax,0,536,279.329161362317,,39.772882909452825,274,,0.21032275750308577,5.0
Mellowmax DQN,mellowmax,0,537,257.60898989992415,,7.692559440074008,890,,0.20304194470721015,5.0
Mellowmax DQN,mellowmax,0,538,154.82286631961486,,3.3539597041606903,1000,,0.19455387792736292,5.0
Mellowmax DQN,mellowmax,0,539,280.15242073651706,,30.99882899097034,350,,0.20667548818779843,5.0
Mellowmax DQN,mellowmax,0,540,69.89614549066309,282.9650602947603,111.81377751808466,127,206.4,0.2351603027521156,5.0
Mellowmax DQN,mellowmax,0,541,278.7447139919831,,10.089249823242426,726,,0.21446848010834174,5.0
Mellowmax DQN,mellowmax,0,542,271.314695862907,,16.163371513952033,523,,0.20786073408579278,5.0
Mellowmax DQN,mellowmax,0,543,242.88640944346352,,45.32401496997247,195,,0.22082765309665447,5.0
Mellowmax DQN,mellowmax,0,544,166.5872898659962,,7.507395419597626,1000,,0.20450406210124492,5.0
Mellowmax DQN,mellowmax,0,545,33.24845140312652,,91.69834111376507,82,,0.22849141604198916,5.0
Mellowmax DQN,mellowmax,0,546,261.65339374567384,,10.275577976576333,618,,0.20174358203151177,5.0
Mellowmax DQN,mellowmax,0,547,277.09010549536055,,2.903967261437415,969,,0.20954823112201765,5.0
Mellowmax DQN,mellowmax,0,548,258.1717416490769,,9.8053395574999,667,,0.22338756186974193,5.0
Mellowmax DQN,mellowmax,0,549,172.55458557113622,,4.40453908868134,1000,,0.20656227014958858,5.0
Mellowmax DQN,mellowmax,0,550,300.1091234419682,242.59627217305552,30.207869774003107,417,383.6,0.22022516779798113,5.0
Mellowmax DQN,mellowmax,0,551,273.6111023285123,,33.00759342570064,307,,0.19855407280817094,5.0
Mellowmax DQN,mellowmax,0,552,314.75406993279216,,16.09436248426984,785,,0.22833106669413436,5.0
Mellowmax DQN,mellowmax,0,553,273.62328211983987,,11.070098548187442,634,,0.19683020806662763,5.0
Mellowmax DQN,mellowmax,0,554,239.07323790005333,,9.054739839703542,727,,0.1676720937117012,5.0
Mellowmax DQN,mellowmax,0,555,269.4884293315191,,17.356046551713803,463,,0.20218201044777942,5.0
Mellowmax DQN,mellowmax,0,556,167.01273176698552,,7.9506624757498505,1000,,0.19721262793056668,5.0
Mellowmax DQN,mellowmax,0,557,244.74451109154407,,39.5225401000991,248,,0.15705376541272045,5.0
Mellowmax DQN,mellowmax,0,558,279.0183205334471,,10.52028203834551,774,,0.1998944117925888,5.0
Mellowmax DQN,mellowmax,0,559,175.47694156817101,,9.842170664332807,1000,,0.17839115022309124,5.0
Mellowmax DQN,mellowmax,0,560,271.8768676728178,211.53038903564692,29.77874286659062,328,337.0,0.19397932283648447,5.0
Mellowmax DQN,mellowmax,0,561,263.1941182616646,,47.67007402666322,182,,0.18147329854072777,5.0
Mellowmax DQN,mellowmax,0,562,239.48890981067083,,6.940836141573399,970,,0.1958616901918785,5.0
Mellowmax DQN,mellowmax,0,563,256.49345529185416,,22.08592781291315,330,,0.1930385620643695,5.0
Mellowmax DQN,mellowmax,0,564,148.02892976811196,,3.254841792434454,1000,,0.17262645202130078,5.0
Mellowmax DQN,mellowmax,0,565,279.6776150619699,,16.763805447398006,666,,0.19034824651517757,5.0
Mellowmax DQN,mellowmax,0,566,220.01776094852556,,8.161270925808632,668,,0.19800687485798346,5.0
Mellowmax DQN,mellowmax,0,567,29.257028135886088,,84.15327525389822,95,,0.16948509408455145,5.0
Mellowmax DQN,mellowmax,0,568,66.82110633669117,,91.25439501719869,157,,0.23794949970617416,5.0
Mellowmax DQN,mellowmax,0,569,169.14712846694525,,6.461254383675754,1000,,0.1795259881876409,5.0
Mellowmax DQN,mellowmax,0,570,267.6199671537741,234.53066002315427,52.51703111582423,146,213.6,0.1932502659548023,5.0
Mellowmax DQN,mellowmax,0,571,191.6249490268638,,4.704278312683106,1000,,0.19323028533160685,5.0
Mellowmax DQN,mellowmax,0,572,245.48809380316726,,47.71420671251085,225,,0.20289177387952806,5.0
Mellowmax DQN,mellowmax,0,573,-16.45137767253452,,63.79555992782116,128,,0.1849428883579094,5.0
Mellowmax DQN,mellowmax,0,574,139.2048069389736,,2.0023056918531656,1000,,0.1831626132167876,5.0
Mellowmax DQN,mellowmax,0,575,5.980456657043391,,69.11192326763876,153,,0.1980767476865474,5.0
Mellowmax DQN,mellowmax,0,576,246.01966056994112,,7.2928639554494135,740,,0.18293152751300384,5.0
Mellowmax DQN,mellowmax,0,577,263.28055564826445,,37.88231605906503,281,,0.211015037980156,5.0
Mellowmax DQN,mellowmax,0,578,259.4103492552419,,7.2025689097235395,784,,0.19542862479670012,5.0
Mellowmax DQN,mellowmax,0,579,175.5729287726557,,7.799667976260185,1000,,0.20507227118127047,5.0
Mellowmax DQN,mellowmax,0,580,275.61951435140276,277.83003076209053,31.241226517077948,252,217.2,0.20002255137521952,5.0
Mellowmax DQN,mellowmax,0,581,296.3203160258695,,45.505810262856784,286,,0.18169052209835368,5.0
Mellowmax DQN,mellowmax,0,582,190.04490394768115,,6.842975707322359,1000,,0.19496997452154755,5.0
Mellowmax DQN,mellowmax,0,583,289.3235927616138,,14.0212770979272,675,,0.1970174492785224,5.0
Mellowmax DQN,mellowmax,0,584,272.6679374107438,,62.79029074245029,180,,0.20208142566391163,5.0
Mellowmax DQN,mellowmax,0,585,190.96264200212457,,8.979054554760456,1000,,0.2079978764858097,5.0
Mellowmax DQN,mellowmax,0,586,298.143052575119,,18.196093360807584,575,,0.19251166699049266,5.0
Mellowmax DQN,mellowmax,0,587,65.81650799739043,,90.91735119515278,94,,0.15270425987608255,5.0
Mellowmax DQN,mellowmax,0,588,144.2411814568235,,3.1345695172846315,1000,,0.1910799082107842,5.0
Mellowmax DQN,mellowmax,0,589,159.9130524597865,,1.6366279230117797,1000,,0.17788302301242948,5.0
Mellowmax DQN,mellowmax,0,590,283.0108337071134,279.13517665498273,14.731422979580728,418,218.4,0.18482193461302934,5.0
Mellowmax DQN,mellowmax,0,591,29.80013984029955,,75.733868821462,120,,0.22153132914875945,5.0
Mellowmax DQN,mellowmax,0,592,254.2865915659235,,43.561967999617146,179,,0.19390633411955235,5.0
Mellowmax DQN,mellowmax,0,593,295.09938401637453,,15.18289873683406,511,,0.17917158744077394,5.0
Mellowmax DQN,mellowmax,0,594,286.9196436006997,,13.712709386783148,579,,0.19747806969701934,5.0
Mellowmax DQN,mellowmax,0,595,258.9461229146784,,6.566769566855796,874,,0.18844359988470305,5.0
Mellowmax DQN,mellowmax,0,596,283.88882853582686,,14.281447700304978,639,,0.19406233331208964,5.0
Mellowmax DQN,mellowmax,0,597,303.52784091860474,,33.43102768156151,354,,0.19996198316204683,5.0
Mellowmax DQN,mellowmax,0,598,281.07747608767465,,26.509605434292286,335,,0.19814572195564187,5.0
Mellowmax DQN,mellowmax,0,599,255.7663867651092,,27.499796256471065,310,,0.20178602922467453,5.0
Mellowmax DQN,mellowmax,0,600,287.7168937538536,257.0105856929781,23.890467860332624,381,421.2,0.18881250630937066,5.0
