agent,backup_type,seed,episode,train_return,eval_return,avg_max_q,train_max_height,eval_max_height,goal_height,mellowmax_omega
DQN,dqn,0,1,-500.0,,-0.7289060982316733,0.24432653188705444,,1.5,
DQN,dqn,0,2,-500.0,,-0.9135367443561554,-0.8804355263710022,,1.5,
DQN,dqn,0,3,-500.0,,-1.8676490354537965,-0.6360255479812622,,1.5,
DQN,dqn,0,4,-500.0,,-1.8104377551078796,0.514962911605835,,1.5,
DQN,dqn,0,5,-500.0,,-2.864444528341293,-1.4904038906097412,,1.5,
DQN,dqn,0,6,-500.0,,-2.860666039943695,0.14234912395477295,,1.5,
DQN,dqn,0,7,-500.0,,-3.7774338965415954,-0.41023826599121094,,1.5,
DQN,dqn,0,8,-500.0,,-3.7581108450889587,-0.9252234101295471,,1.5,
DQN,dqn,0,9,-500.0,,-4.704748233318329,0.021771907806396484,,1.5,
DQN,dqn,0,10,-500.0,-500.0,-4.715047017097473,0.28869760036468506,-1.8981462001800538,1.5,
DQN,dqn,0,11,-500.0,,-5.649969497680664,-0.6088032722473145,,1.5,
DQN,dqn,0,12,-500.0,,-5.555099813461304,0.4756581783294678,,1.5,
DQN,dqn,0,13,-500.0,,-6.6398537197113034,-1.1836589574813843,,1.5,
DQN,dqn,0,14,-500.0,,-6.630479697227478,-1.0670028924942017,,1.5,
DQN,dqn,0,15,-500.0,,-7.519712427139282,-0.442741334438324,,1.5,
DQN,dqn,0,16,-500.0,,-7.532040722846985,-0.40069204568862915,,1.5,
DQN,dqn,0,17,-500.0,,-8.3826862449646,-0.3634529113769531,,1.5,
DQN,dqn,0,18,-500.0,,-8.45365453338623,-0.7740885019302368,,1.5,
DQN,dqn,0,19,-500.0,,-9.298618648529052,0.0991777777671814,,1.5,
DQN,dqn,0,20,-500.0,-500.0,-9.334053827285766,-0.5730530619621277,-1.9954600572586059,1.5,
DQN,dqn,0,21,-500.0,,-10.136502573013306,-0.4804367423057556,,1.5,
DQN,dqn,0,22,-500.0,,-10.046531707763672,0.8030111789703369,,1.5,
DQN,dqn,0,23,-500.0,,-11.031507219314575,0.1330273151397705,,1.5,
DQN,dqn,0,24,-500.0,,-11.157045822143555,-1.4420607089996338,,1.5,
DQN,dqn,0,25,-500.0,,-11.945867250442506,-0.09442436695098877,,1.5,
DQN,dqn,0,26,-500.0,,-11.865252811431885,-0.021862447261810303,,1.5,
DQN,dqn,0,27,-500.0,,-12.589342197418214,0.9140937924385071,,1.5,
DQN,dqn,0,28,-500.0,,-12.886793966293334,-0.7391298413276672,,1.5,
DQN,dqn,0,29,-500.0,,-13.101341787338256,0.8841400742530823,,1.5,
DQN,dqn,0,30,-500.0,-500.0,-13.476871385574341,0.2547192871570587,-1.9954600572586059,1.5,
DQN,dqn,0,31,-500.0,,-14.643029829025268,-1.101371169090271,,1.5,
DQN,dqn,0,32,-500.0,,-14.613958700180053,-0.07168030738830566,,1.5,
DQN,dqn,0,33,-500.0,,-15.303138452529907,-0.15411078929901123,,1.5,
DQN,dqn,0,34,-500.0,,-15.324082641601562,0.10987818241119385,,1.5,
DQN,dqn,0,35,-500.0,,-16.33590913772583,-1.4325424432754517,,1.5,
DQN,dqn,0,36,-500.0,,-16.14968250846863,-0.040908217430114746,,1.5,
DQN,dqn,0,37,-500.0,,-17.058371200561524,0.4306789040565491,,1.5,
DQN,dqn,0,38,-500.0,,-16.803262622833252,-0.3362743556499481,,1.5,
DQN,dqn,0,39,-500.0,,-17.906806407928467,-0.9969492554664612,,1.5,
DQN,dqn,0,40,-500.0,-500.0,-17.86421755218506,-0.12136536836624146,-1.9954600572586059,1.5,
DQN,dqn,0,41,-500.0,,-18.553369338989256,0.35416603088378906,,1.5,
DQN,dqn,0,42,-500.0,,-18.693487293243408,-0.3042306900024414,,1.5,
DQN,dqn,0,43,-500.0,,-18.306099197387695,1.1757984161376953,,1.5,
DQN,dqn,0,44,-500.0,,-18.631375822067263,1.0314042568206787,,1.5,
DQN,dqn,0,45,-482.0,,-19.377527414641765,1.5903916358947754,,1.5,
DQN,dqn,0,46,-500.0,,-20.413106254577638,-0.3088567852973938,,1.5,
DQN,dqn,0,47,-500.0,,-20.00842186355591,1.1556566953659058,,1.5,
DQN,dqn,0,48,-500.0,,-21.214903865814208,-1.35836660861969,,1.5,
DQN,dqn,0,49,-500.0,,-21.460032131195067,0.20961764454841614,,1.5,
DQN,dqn,0,50,-500.0,-500.0,-21.570039726257324,0.42105215787887573,-1.8981462001800538,1.5,
DQN,dqn,0,51,-500.0,,-22.42792056274414,0.31499725580215454,,1.5,
DQN,dqn,0,52,-500.0,,-21.975074928283693,1.473588228225708,,1.5,
DQN,dqn,0,53,-500.0,,-22.98792781829834,0.36497366428375244,,1.5,
DQN,dqn,0,54,-500.0,,-23.210500034332277,-0.2842586040496826,,1.5,
DQN,dqn,0,55,-500.0,,-24.123651374816895,-0.9558209180831909,,1.5,
DQN,dqn,0,56,-425.0,,-23.146580611036416,1.6386678218841553,,1.5,
DQN,dqn,0,57,-500.0,,-23.172525119781493,1.143325924873352,,1.5,
DQN,dqn,0,58,-399.0,,-24.33940333366394,1.5217089653015137,,1.5,
DQN,dqn,0,59,-500.0,,-25.390263431549073,-1.3055475950241089,,1.5,
DQN,dqn,0,60,-500.0,-500.0,-25.591209098815916,0.1735580563545227,-1.9103537559509278,1.5,
DQN,dqn,0,61,-500.0,,-25.15489701461792,0.9315379858016968,,1.5,
DQN,dqn,0,62,-500.0,,-25.61167015838623,1.4576177597045898,,1.5,
DQN,dqn,0,63,-500.0,,-26.133243885040283,0.38887161016464233,,1.5,
DQN,dqn,0,64,-448.0,,-25.641027671457135,1.6881966590881348,,1.5,
DQN,dqn,0,65,-500.0,,-25.597045852661132,1.3633111715316772,,1.5,
DQN,dqn,0,66,-417.0,,-26.27234706239837,1.5092833042144775,,1.5,
DQN,dqn,0,67,-500.0,,-27.583495246887207,-0.2032240331172943,,1.5,
DQN,dqn,0,68,-500.0,,-28.264246185302735,-0.5557136535644531,,1.5,
DQN,dqn,0,69,-497.0,,-27.09208287771447,1.8242233991622925,,1.5,
DQN,dqn,0,70,-397.0,-500.0,-27.589782753182416,1.7755780220031738,-1.9954600572586059,1.5,
DQN,dqn,0,71,-500.0,,-27.95139451599121,0.9590263962745667,,1.5,
DQN,dqn,0,72,-496.0,,-28.30907092487788,1.712286353111267,,1.5,
DQN,dqn,0,73,-500.0,,-29.0287593460083,1.0509473085403442,,1.5,
DQN,dqn,0,74,-500.0,,-29.68148828125,0.6056415438652039,,1.5,
DQN,dqn,0,75,-500.0,,-30.439663288116456,-1.215474247932434,,1.5,
DQN,dqn,0,76,-500.0,,-30.77175965118408,-0.3506608009338379,,1.5,
DQN,dqn,0,77,-443.0,,-30.04363316029042,1.6501433849334717,,1.5,
DQN,dqn,0,78,-500.0,,-31.053058326721192,1.3784611225128174,,1.5,
DQN,dqn,0,79,-500.0,,-31.039768863677978,0.5045105218887329,,1.5,
DQN,dqn,0,80,-500.0,-500.0,-31.46921855163574,1.332162857055664,-1.9954600572586059,1.5,
DQN,dqn,0,81,-452.0,,-30.79119561050112,1.6217330694198608,,1.5,
DQN,dqn,0,82,-500.0,,-31.56837437057495,0.9430953860282898,,1.5,
DQN,dqn,0,83,-456.0,,-31.758682568172397,1.6822400093078613,,1.5,
DQN,dqn,0,84,-446.0,,-31.8969508305492,1.5021898746490479,,1.5,
DQN,dqn,0,85,-413.0,,-33.04073340190205,1.682055115699768,,1.5,
DQN,dqn,0,86,-281.0,,-32.15818688548203,1.6329493522644043,,1.5,
DQN,dqn,0,87,-337.0,,-32.253695939419536,1.6545019149780273,,1.5,
DQN,dqn,0,88,-500.0,,-32.47864316558838,1.4093128442764282,,1.5,
DQN,dqn,0,89,-377.0,,-33.50519893282936,1.8066775798797607,,1.5,
DQN,dqn,0,90,-500.0,-500.0,-33.62654753112793,1.4264329671859741,-1.9954600572586059,1.5,
DQN,dqn,0,91,-500.0,,-33.09672755813599,1.3741116523742676,,1.5,
DQN,dqn,0,92,-500.0,,-34.626392257690426,1.0317904949188232,,1.5,
DQN,dqn,0,93,-292.0,,-33.83792215158508,1.6197164058685303,,1.5,
DQN,dqn,0,94,-291.0,,-34.813619835736,1.7577948570251465,,1.5,
DQN,dqn,0,95,-488.0,,-34.81224961466097,1.586846113204956,,1.5,
DQN,dqn,0,96,-262.0,,-35.45444648075466,1.6726166009902954,,1.5,
DQN,dqn,0,97,-350.0,,-35.256250854231354,1.5556139945983887,,1.5,
DQN,dqn,0,98,-455.0,,-34.06713959626984,1.5687735080718994,,1.5,
DQN,dqn,0,99,-444.0,,-36.02753644793221,1.539973497390747,,1.5,
DQN,dqn,0,100,-487.0,-500.0,-36.31099459773204,1.5441241264343262,-1.8981462001800538,1.5,
DQN,dqn,0,101,-418.0,,-36.08026269625935,1.6202176809310913,,1.5,
DQN,dqn,0,102,-500.0,,-36.09930318069458,1.2541565895080566,,1.5,
DQN,dqn,0,103,-500.0,,-37.07363639068603,0.9357351660728455,,1.5,
DQN,dqn,0,104,-450.0,,-36.58758746229624,1.559342622756958,,1.5,
DQN,dqn,0,105,-500.0,,-36.44096347808838,1.3157533407211304,,1.5,
DQN,dqn,0,106,-500.0,,-38.59536912536621,0.7024580240249634,,1.5,
DQN,dqn,0,107,-316.0,,-36.82225135297806,1.6099708080291748,,1.5,
DQN,dqn,0,108,-336.0,,-38.51141375533197,1.500137209892273,,1.5,
DQN,dqn,0,109,-329.0,,-37.979673235344166,1.5829031467437744,,1.5,
DQN,dqn,0,110,-304.0,-84.6,-37.811154299876726,1.6878063678741455,1.6303628444671632,1.5,
DQN,dqn,0,111,-367.0,,-38.71955565784288,1.6865930557250977,,1.5,
DQN,dqn,0,112,-318.0,,-38.633893613904995,1.6061432361602783,,1.5,
DQN,dqn,0,113,-319.0,,-38.37023948431015,1.691035509109497,,1.5,
DQN,dqn,0,114,-474.0,,-38.55949944747122,1.50175142288208,,1.5,
DQN,dqn,0,115,-500.0,,-38.01783788299561,1.2006782293319702,,1.5,
DQN,dqn,0,116,-298.0,,-39.49887748386549,1.5767228603363037,,1.5,
DQN,dqn,0,117,-258.0,,-39.44752058375296,1.7804243564605713,,1.5,
DQN,dqn,0,118,-310.0,,-39.26499164986074,1.7370378971099854,,1.5,
DQN,dqn,0,119,-364.0,,-39.53596246797745,1.6817896366119385,,1.5,
DQN,dqn,0,120,-328.0,-233.2,-39.38350229930008,1.739881992340088,0.993249773979187,1.5,
DQN,dqn,0,121,-363.0,,-38.25095762525286,1.656822681427002,,1.5,
DQN,dqn,0,122,-500.0,,-40.65004218292236,1.058752179145813,,1.5,
DQN,dqn,0,123,-500.0,,-37.07621873092651,1.49313485622406,,1.5,
DQN,dqn,0,124,-386.0,,-41.11910792900302,1.7155301570892334,,1.5,
DQN,dqn,0,125,-432.0,,-41.777397666737336,1.5926843881607056,,1.5,
DQN,dqn,0,126,-340.0,,-40.25733471196418,1.7116978168487549,,1.5,
DQN,dqn,0,127,-500.0,,-41.414857696533204,0.5678513050079346,,1.5,
DQN,dqn,0,128,-331.0,,-39.99652081799795,1.715699315071106,,1.5,
DQN,dqn,0,129,-417.0,,-42.33328917836459,1.553696632385254,,1.5,
DQN,dqn,0,130,-303.0,-159.0,-41.637197958795646,1.5600881576538086,1.5587385416030883,1.5,
DQN,dqn,0,131,-247.0,,-41.746705285964474,1.6218286752700806,,1.5,
DQN,dqn,0,132,-306.0,,-41.94239746242859,1.5776500701904297,,1.5,
DQN,dqn,0,133,-297.0,,-41.823232343532894,1.5489592552185059,,1.5,
DQN,dqn,0,134,-289.0,,-42.476429393373685,1.6918730735778809,,1.5,
DQN,dqn,0,135,-414.0,,-40.26296981903444,1.7971715927124023,,1.5,
DQN,dqn,0,136,-349.0,,-40.845284974234445,1.6858551502227783,,1.5,
DQN,dqn,0,137,-409.0,,-43.20830055795065,1.6183933019638062,,1.5,
DQN,dqn,0,138,-345.0,,-41.12414689697971,1.849367618560791,,1.5,
DQN,dqn,0,139,-251.0,,-43.027455556960334,1.5181270837783813,,1.5,
DQN,dqn,0,140,-407.0,-260.6,-43.40587360718671,1.6354891061782837,0.9760260820388794,1.5,
DQN,dqn,0,141,-334.0,,-43.1086870051142,1.5395832061767578,,1.5,
DQN,dqn,0,142,-318.0,,-43.76513884732716,1.5118491649627686,,1.5,
DQN,dqn,0,143,-500.0,,-41.20048894500732,0.40231549739837646,,1.5,
DQN,dqn,0,144,-324.0,,-44.06220719557542,1.7611076831817627,,1.5,
DQN,dqn,0,145,-307.0,,-43.94186384027655,1.652480125427246,,1.5,
DQN,dqn,0,146,-316.0,,-42.49459936340524,1.6615395545959473,,1.5,
DQN,dqn,0,147,-292.0,,-44.35397635710524,1.5327541828155518,,1.5,
DQN,dqn,0,148,-320.0,,-44.60713255219742,1.6298637390136719,,1.5,
DQN,dqn,0,149,-183.0,,-44.52535459269648,1.5269120931625366,,1.5,
DQN,dqn,0,150,-247.0,-500.0,-43.331054618281705,1.7317434549331665,-1.9954600572586059,1.5,
DQN,dqn,0,151,-204.0,,-44.424674299286636,1.5865381956100464,,1.5,
DQN,dqn,0,152,-314.0,,-45.37520162188817,1.7878479957580566,,1.5,
DQN,dqn,0,153,-256.0,,-45.22343189521522,1.8754417896270752,,1.5,
DQN,dqn,0,154,-261.0,,-44.71882747329828,1.5851303339004517,,1.5,
DQN,dqn,0,155,-242.0,,-45.80416731971772,1.564860224723816,,1.5,
DQN,dqn,0,156,-203.0,,-45.40881628148696,1.7080782651901245,,1.5,
DQN,dqn,0,157,-270.0,,-45.84969453706073,1.5154443979263306,,1.5,
DQN,dqn,0,158,-250.0,,-44.66447628066834,1.7969529628753662,,1.5,
DQN,dqn,0,159,-300.0,,-46.068389626436456,1.604649543762207,,1.5,
DQN,dqn,0,160,-284.0,-500.0,-46.72138888710423,1.649636149406433,-1.9103537559509278,1.5,
DQN,dqn,0,161,-210.0,,-45.25468546067369,1.7175239324569702,,1.5,
DQN,dqn,0,162,-196.0,,-45.694684023784504,1.5183000564575195,,1.5,
DQN,dqn,0,163,-275.0,,-45.99687660604283,1.5766264200210571,,1.5,
DQN,dqn,0,164,-333.0,,-45.7870791886381,1.6424477100372314,,1.5,
DQN,dqn,0,165,-251.0,,-45.22763156890869,1.8178287744522095,,1.5,
DQN,dqn,0,166,-200.0,,-46.72222917471359,1.5977885723114014,,1.5,
DQN,dqn,0,167,-239.0,,-46.91054131189982,1.505562424659729,,1.5,
DQN,dqn,0,168,-198.0,,-44.04355105682833,1.889040231704712,,1.5,
DQN,dqn,0,169,-260.0,,-46.20526055814663,1.5068199634552002,,1.5,
DQN,dqn,0,170,-298.0,-500.0,-47.358087660875604,1.546299934387207,-1.9103537559509278,1.5,
DQN,dqn,0,171,-307.0,,-46.55873810161244,1.8517365455627441,,1.5,
DQN,dqn,0,172,-491.0,,-41.228645735639866,1.6624659299850464,,1.5,
DQN,dqn,0,173,-500.0,,-44.78320027160645,1.275526762008667,,1.5,
DQN,dqn,0,174,-265.0,,-47.35442887212997,1.614274263381958,,1.5,
DQN,dqn,0,175,-185.0,,-47.682326839816184,1.5834869146347046,,1.5,
DQN,dqn,0,176,-202.0,,-47.23564527539784,1.7553443908691406,,1.5,
DQN,dqn,0,177,-208.0,,-47.37861459905451,1.6574127674102783,,1.5,
DQN,dqn,0,178,-190.0,,-47.35913381526608,1.579083800315857,,1.5,
DQN,dqn,0,179,-289.0,,-46.837286705806335,1.7936232089996338,,1.5,
DQN,dqn,0,180,-300.0,-500.0,-45.74372445546908,1.7484889030456543,-1.9954600572586059,1.5,
DQN,dqn,0,181,-500.0,,-45.3198607711792,0.5836517810821533,,1.5,
DQN,dqn,0,182,-242.0,,-48.52524587058236,1.6360130310058594,,1.5,
DQN,dqn,0,183,-200.0,,-48.23086563034437,1.766120433807373,,1.5,
DQN,dqn,0,184,-205.0,,-47.89956852070336,1.7271662950515747,,1.5,
DQN,dqn,0,185,-249.0,,-48.586395904541014,1.6032085418701172,,1.5,
DQN,dqn,0,186,-222.0,,-47.365644514827984,1.9694550037384033,,1.5,
DQN,dqn,0,187,-287.0,,-48.05579103363885,1.7867050170898438,,1.5,
DQN,dqn,0,188,-247.0,,-49.24977237947525,1.5111379623413086,,1.5,
DQN,dqn,0,189,-228.0,,-49.28777739678928,1.6516060829162598,,1.5,
DQN,dqn,0,190,-184.0,-180.4,-48.75436085881414,1.7196934223175049,1.7300678014755249,1.5,
DQN,dqn,0,191,-179.0,,-47.91442504458957,1.7200260162353516,,1.5,
DQN,dqn,0,192,-196.0,,-48.345149490433904,1.6158092021942139,,1.5,
DQN,dqn,0,193,-253.0,,-47.31576472755492,1.7303601503372192,,1.5,
DQN,dqn,0,194,-381.0,,-50.517390605666876,1.6310096979141235,,1.5,
DQN,dqn,0,195,-258.0,,-48.830008959678146,1.7173839807510376,,1.5,
DQN,dqn,0,196,-407.0,,-48.66634559631348,1.52583646774292,,1.5,
DQN,dqn,0,197,-211.0,,-49.623236260324155,1.7232553958892822,,1.5,
DQN,dqn,0,198,-291.0,,-49.26554321916136,1.6393351554870605,,1.5,
DQN,dqn,0,199,-204.0,,-50.211376059927595,1.5353589057922363,,1.5,
DQN,dqn,0,200,-209.0,-170.6,-50.17372585478283,1.7115120887756348,1.7238842248916626,1.5,
DQN,dqn,0,201,-266.0,,-48.7289258692595,1.5562388896942139,,1.5,
DQN,dqn,0,202,-192.0,,-50.28403208045762,1.57896089553833,,1.5,
DQN,dqn,0,203,-164.0,,-50.40754165649414,1.6654505729675293,,1.5,
DQN,dqn,0,204,-275.0,,-49.95175998798315,1.783492088317871,,1.5,
DQN,dqn,0,205,-265.0,,-50.493688741124664,1.5693576335906982,,1.5,
DQN,dqn,0,206,-500.0,,-44.588678146362305,0.6254890561103821,,1.5,
DQN,dqn,0,207,-309.0,,-51.18522951679845,1.5247092247009277,,1.5,
DQN,dqn,0,208,-500.0,,-48.22596173095703,0.8294885754585266,,1.5,
DQN,dqn,0,209,-500.0,,-49.22073542022705,0.04326486587524414,,1.5,
DQN,dqn,0,210,-384.0,-500.0,-51.736026030701474,1.579083800315857,-1.9954600572586059,1.5,
DQN,dqn,0,211,-193.0,,-51.044079495459485,1.7862321138381958,,1.5,
DQN,dqn,0,212,-209.0,,-51.02910348801386,1.5012351274490356,,1.5,
DQN,dqn,0,213,-317.0,,-49.54379529173269,1.8601675033569336,,1.5,
DQN,dqn,0,214,-211.0,,-49.55489343067385,1.7949024438858032,,1.5,
DQN,dqn,0,215,-203.0,,-52.08050421172497,1.5459027290344238,,1.5,
DQN,dqn,0,216,-267.0,,-51.14435637175147,1.562321662902832,,1.5,
DQN,dqn,0,217,-217.0,,-52.3991046345562,1.798762559890747,,1.5,
DQN,dqn,0,218,-165.0,,-52.01470512941659,1.5950992107391357,,1.5,
DQN,dqn,0,219,-160.0,,-51.33033006087594,1.5656256675720215,,1.5,
DQN,dqn,0,220,-201.0,-500.0,-52.894450404856464,1.505766749382019,-1.8981462001800538,1.5,
DQN,dqn,0,221,-233.0,,-49.047514190021744,1.5409927368164062,,1.5,
DQN,dqn,0,222,-305.0,,-50.48622192432678,1.706660270690918,,1.5,
DQN,dqn,0,223,-262.0,,-52.43236937722326,1.598750352859497,,1.5,
DQN,dqn,0,224,-182.0,,-53.12828676817847,1.5653492212295532,,1.5,
DQN,dqn,0,225,-209.0,,-52.284724789574035,1.651130199432373,,1.5,
DQN,dqn,0,226,-208.0,,-51.052940688064794,1.5726945400238037,,1.5,
DQN,dqn,0,227,-179.0,,-52.10422443813748,1.521322250366211,,1.5,
DQN,dqn,0,228,-239.0,,-49.5280837059021,1.8151687383651733,,1.5,
DQN,dqn,0,229,-237.0,,-52.952534314965,1.5874321460723877,,1.5,
DQN,dqn,0,230,-237.0,-500.0,-51.544951671311836,1.6154401302337646,-1.8981462001800538,1.5,
DQN,dqn,0,231,-321.0,,-52.258294733414736,1.6977133750915527,,1.5,
DQN,dqn,0,232,-204.0,,-51.286272411811645,1.579214334487915,,1.5,
DQN,dqn,0,233,-248.0,,-51.79643133079192,1.709022879600525,,1.5,
DQN,dqn,0,234,-242.0,,-52.23341809182501,1.6248729228973389,,1.5,
DQN,dqn,0,235,-265.0,,-48.526603748923854,1.8585822582244873,,1.5,
DQN,dqn,0,236,-222.0,,-51.86434595253436,1.7677745819091797,,1.5,
DQN,dqn,0,237,-132.0,,-53.21411534359581,1.6128549575805664,,1.5,
DQN,dqn,0,238,-228.0,,-53.03073841411474,1.5287182331085205,,1.5,
DQN,dqn,0,239,-201.0,,-54.014870426442364,1.5157415866851807,,1.5,
DQN,dqn,0,240,-231.0,-101.2,-54.47483978600338,1.5388398170471191,1.6710522174835205,1.5,
DQN,dqn,0,241,-177.0,,-53.6142478042774,1.5106436014175415,,1.5,
DQN,dqn,0,242,-370.0,,-48.294237118846965,1.5957331657409668,,1.5,
DQN,dqn,0,243,-259.0,,-54.219891724219686,1.6008846759796143,,1.5,
DQN,dqn,0,244,-267.0,,-54.441118738544525,1.7135076522827148,,1.5,
DQN,dqn,0,245,-199.0,,-52.629269161224364,1.6816694736480713,,1.5,
DQN,dqn,0,246,-191.0,,-51.455645233392715,1.9071813821792603,,1.5,
DQN,dqn,0,247,-205.0,,-52.846367678595975,1.664341688156128,,1.5,
DQN,dqn,0,248,-203.0,,-54.8167272642547,1.540010690689087,,1.5,
DQN,dqn,0,249,-274.0,,-54.627031360973014,1.5307633876800537,,1.5,
DQN,dqn,0,250,-229.0,-500.0,-54.97028710738472,1.6382352113723755,-1.9103537559509278,1.5,
DQN,dqn,0,251,-273.0,,-53.17297974468148,1.6139066219329834,,1.5,
DQN,dqn,0,252,-169.0,,-54.106738931992474,1.6333279609680176,,1.5,
DQN,dqn,0,253,-213.0,,-55.70951884260801,1.613415241241455,,1.5,
DQN,dqn,0,254,-203.0,,-54.74738893321916,1.8559250831604004,,1.5,
DQN,dqn,0,255,-312.0,,-53.478737517286795,1.974605917930603,,1.5,
DQN,dqn,0,256,-191.0,,-53.534474770228066,1.5363218784332275,,1.5,
DQN,dqn,0,257,-187.0,,-53.88167628836125,1.6110875606536865,,1.5,
DQN,dqn,0,258,-118.0,,-55.450935139375574,1.5566692352294922,,1.5,
DQN,dqn,0,259,-173.0,,-55.64916077975569,1.5101698637008667,,1.5,
DQN,dqn,0,260,-186.0,-99.6,-53.27408975203407,1.531864881515503,1.7592219114303589,1.5,
DQN,dqn,0,261,-191.0,,-55.667812605698906,1.779862403869629,,1.5,
DQN,dqn,0,262,-305.0,,-50.93148906558168,1.6574817895889282,,1.5,
DQN,dqn,0,263,-229.0,,-54.02827891474185,1.5125629901885986,,1.5,
DQN,dqn,0,264,-175.0,,-55.84007020430131,1.7676541805267334,,1.5,
DQN,dqn,0,265,-251.0,,-54.97502776554653,1.7239341735839844,,1.5,
DQN,dqn,0,266,-160.0,,-56.563743401758416,1.5167282819747925,,1.5,
DQN,dqn,0,267,-258.0,,-54.436365974455725,1.8777819871902466,,1.5,
DQN,dqn,0,268,-256.0,,-52.368248119428465,1.907188892364502,,1.5,
DQN,dqn,0,269,-147.0,,-55.10143334156758,1.8285892009735107,,1.5,
DQN,dqn,0,270,-132.0,-500.0,-55.829086160301266,1.5188682079315186,-1.9954600572586059,1.5,
DQN,dqn,0,271,-180.0,,-53.66637884319158,1.503040075302124,,1.5,
DQN,dqn,0,272,-192.0,,-52.06680862150044,1.9637060165405273,,1.5,
DQN,dqn,0,273,-175.0,,-56.540774150328204,1.5671968460083008,,1.5,
DQN,dqn,0,274,-145.0,,-56.824389758175364,1.501502275466919,,1.5,
DQN,dqn,0,275,-212.0,,-55.51907142674979,1.7240945100784302,,1.5,
DQN,dqn,0,276,-137.0,,-56.07565633801446,1.6545860767364502,,1.5,
DQN,dqn,0,277,-227.0,,-53.89812454424406,1.5189642906188965,,1.5,
DQN,dqn,0,278,-191.0,,-56.65484102567037,1.6523771286010742,,1.5,
DQN,dqn,0,279,-180.0,,-55.0733319593398,1.6886157989501953,,1.5,
DQN,dqn,0,280,-140.0,-500.0,-55.271126064002935,1.8537540435791016,-1.8981462001800538,1.5,
DQN,dqn,0,281,-181.0,,-56.48771786951757,1.6960721015930176,,1.5,
DQN,dqn,0,282,-132.0,,-57.70205674135595,1.515655755996704,,1.5,
DQN,dqn,0,283,-471.0,,-45.53117437635438,1.5189768075942993,,1.5,
DQN,dqn,0,284,-196.0,,-53.89673746176783,1.6860783100128174,,1.5,
DQN,dqn,0,285,-217.0,,-56.876531828434096,1.824830174446106,,1.5,
DQN,dqn,0,286,-307.0,,-56.91418460746864,1.7081334590911865,,1.5,
DQN,dqn,0,287,-215.0,,-55.698799698441114,1.6610996723175049,,1.5,
DQN,dqn,0,288,-179.0,,-57.56653429667155,1.613654375076294,,1.5,
DQN,dqn,0,289,-237.0,,-54.343705850489,1.9536195993423462,,1.5,
DQN,dqn,0,290,-188.0,-500.0,-55.096922834083514,1.940720796585083,-1.9954600572586059,1.5,
DQN,dqn,0,291,-131.0,,-57.37272993723551,1.5337895154953003,,1.5,
DQN,dqn,0,292,-227.0,,-54.114149700131335,1.8260568380355835,,1.5,
DQN,dqn,0,293,-162.0,,-55.708190473310786,1.682008981704712,,1.5,
DQN,dqn,0,294,-379.0,,-46.87714466923162,1.794926643371582,,1.5,
DQN,dqn,0,295,-174.0,,-56.21908157348633,1.691030502319336,,1.5,
DQN,dqn,0,296,-229.0,,-57.30388498720915,1.8628551959991455,,1.5,
DQN,dqn,0,297,-172.0,,-57.865700914680616,1.5311698913574219,,1.5,
DQN,dqn,0,298,-174.0,,-54.656385536193845,1.9146265983581543,,1.5,
DQN,dqn,0,299,-166.0,,-57.747458406551154,1.6228634119033813,,1.5,
DQN,dqn,0,300,-163.0,-500.0,-56.108326516500334,1.511533260345459,-1.9954600572586059,1.5,
DQN,dqn,0,301,-158.0,,-54.55266296338735,1.8318626880645752,,1.5,
DQN,dqn,0,302,-130.0,,-58.689023694919264,1.5137940645217896,,1.5,
DQN,dqn,0,303,-167.0,,-56.72846555709839,1.5252976417541504,,1.5,
DQN,dqn,0,304,-146.0,,-56.6902402501528,1.7968944311141968,,1.5,
DQN,dqn,0,305,-214.0,,-55.35370617356411,1.5414729118347168,,1.5,
DQN,dqn,0,306,-137.0,,-56.62754854948624,1.5671367645263672,,1.5,
DQN,dqn,0,307,-182.0,,-54.86149162542625,1.794452428817749,,1.5,
DQN,dqn,0,308,-177.0,,-54.062452000178645,1.6211621761322021,,1.5,
DQN,dqn,0,309,-160.0,,-56.68194224671547,1.5268678665161133,,1.5,
DQN,dqn,0,310,-116.0,-500.0,-57.94196580414079,1.5082035064697266,-1.9954600572586059,1.5,
DQN,dqn,0,311,-149.0,,-57.573630803426106,1.5518685579299927,,1.5,
DQN,dqn,0,312,-141.0,,-55.44484174755257,1.545837640762329,,1.5,
DQN,dqn,0,313,-212.0,,-55.54405652525279,1.7713853120803833,,1.5,
DQN,dqn,0,314,-160.0,,-58.28536442347935,1.6818912029266357,,1.5,
DQN,dqn,0,315,-140.0,,-54.605605984410495,1.841783046722412,,1.5,
DQN,dqn,0,316,-134.0,,-57.153762365270545,1.5364059209823608,,1.5,
DQN,dqn,0,317,-145.0,,-55.28682672160946,1.8913501501083374,,1.5,
DQN,dqn,0,318,-167.0,,-55.43126654624939,1.6286616325378418,,1.5,
DQN,dqn,0,319,-165.0,,-55.52722712597215,1.8245952129364014,,1.5,
DQN,dqn,0,320,-440.0,-104.6,-43.198456939318284,1.738173007965088,1.6628438472747802,1.5,
DQN,dqn,0,321,-161.0,,-55.37638009624717,1.7157654762268066,,1.5,
DQN,dqn,0,322,-192.0,,-55.713310656769906,1.5091464519500732,,1.5,
DQN,dqn,0,323,-153.0,,-55.61186316106227,1.759174108505249,,1.5,
DQN,dqn,0,324,-157.0,,-59.81733474248572,1.6239550113677979,,1.5,
DQN,dqn,0,325,-156.0,,-57.46064376831055,1.6256701946258545,,1.5,
DQN,dqn,0,326,-194.0,,-56.300233381222455,1.7202155590057373,,1.5,
DQN,dqn,0,327,-177.0,,-58.5874764517452,1.6094244718551636,,1.5,
DQN,dqn,0,328,-150.0,,-58.182595916141736,1.6104521751403809,,1.5,
DQN,dqn,0,329,-137.0,,-56.7893165781878,1.516863465309143,,1.5,
DQN,dqn,0,330,-135.0,-500.0,-56.684275571037745,1.615808367729187,-1.9103537559509278,1.5,
DQN,dqn,0,331,-425.0,,-44.105098091100864,1.8217971324920654,,1.5,
DQN,dqn,0,332,-223.0,,-56.56483898844038,1.7519813776016235,,1.5,
DQN,dqn,0,333,-233.0,,-54.92638010856433,1.6311800479888916,,1.5,
DQN,dqn,0,334,-125.0,,-58.32646663605221,1.52569580078125,,1.5,
DQN,dqn,0,335,-130.0,,-53.32635714261586,1.5393040180206299,,1.5,
DQN,dqn,0,336,-141.0,,-54.60553664892492,1.7659108638763428,,1.5,
DQN,dqn,0,337,-189.0,,-55.803356035132154,1.9081772565841675,,1.5,
DQN,dqn,0,338,-189.0,,-56.27627729114733,1.6976932287216187,,1.5,
DQN,dqn,0,339,-147.0,,-56.21525045987722,1.590175986289978,,1.5,
DQN,dqn,0,340,-189.0,-293.8,-57.90507464157908,1.8868904113769531,0.33964948654174804,1.5,
DQN,dqn,0,341,-159.0,,-58.43795130252838,1.5194175243377686,,1.5,
DQN,dqn,0,342,-129.0,,-57.11771131662222,1.546515941619873,,1.5,
DQN,dqn,0,343,-172.0,,-55.19756674353098,1.864741325378418,,1.5,
DQN,dqn,0,344,-116.0,,-57.844140468499596,1.6431267261505127,,1.5,
DQN,dqn,0,345,-165.0,,-56.60428231021008,1.8584516048431396,,1.5,
DQN,dqn,0,346,-139.0,,-54.3107518860272,1.6165196895599365,,1.5,
DQN,dqn,0,347,-135.0,,-57.573815794552075,1.6568937301635742,,1.5,
DQN,dqn,0,348,-170.0,,-59.725812209279916,1.613945484161377,,1.5,
DQN,dqn,0,349,-139.0,,-59.716321509225025,1.6320545673370361,,1.5,
DQN,dqn,0,350,-174.0,-500.0,-54.47645011901855,1.5838855504989624,-1.8981462001800538,1.5,
DQN,dqn,0,351,-166.0,,-54.11028462255786,1.9835271835327148,,1.5,
DQN,dqn,0,352,-140.0,,-58.84382415663266,1.5037708282470703,,1.5,
DQN,dqn,0,353,-146.0,,-54.384572160487274,1.9214825630187988,,1.5,
DQN,dqn,0,354,-204.0,,-59.96472828562667,1.5578525066375732,,1.5,
DQN,dqn,0,355,-175.0,,-60.70170424201272,1.5243213176727295,,1.5,
DQN,dqn,0,356,-153.0,,-54.271578986923416,1.7237868309020996,,1.5,
DQN,dqn,0,357,-222.0,,-51.483260834698186,1.6099042892456055,,1.5,
DQN,dqn,0,358,-345.0,,-42.89169888413711,1.5299304723739624,,1.5,
DQN,dqn,0,359,-162.0,,-59.22770606666986,1.6760234832763672,,1.5,
DQN,dqn,0,360,-149.0,-113.2,-58.642582143147784,1.6621243953704834,1.7272254943847656,1.5,
DQN,dqn,0,361,-141.0,,-58.57757055255729,1.6953911781311035,,1.5,
DQN,dqn,0,362,-163.0,,-58.52274534760452,1.7848691940307617,,1.5,
DQN,dqn,0,363,-154.0,,-52.966843943442065,1.8100929260253906,,1.5,
DQN,dqn,0,364,-163.0,,-57.586996148272256,1.5987904071807861,,1.5,
DQN,dqn,0,365,-139.0,,-58.883084188188825,1.7516486644744873,,1.5,
DQN,dqn,0,366,-130.0,,-59.81948712763896,1.7002040147781372,,1.5,
DQN,dqn,0,367,-137.0,,-54.80130202528359,1.6047711372375488,,1.5,
DQN,dqn,0,368,-170.0,,-51.937581101356194,1.7037652730941772,,1.5,
DQN,dqn,0,369,-148.0,,-59.77418054670296,1.5259418487548828,,1.5,
DQN,dqn,0,370,-153.0,-500.0,-59.50078186431488,1.8054141998291016,-1.8981462001800538,1.5,
DQN,dqn,0,371,-167.0,,-55.21180775052025,1.8074442148208618,,1.5,
DQN,dqn,0,372,-136.0,,-55.98810233512934,1.57456374168396,,1.5,
DQN,dqn,0,373,-176.0,,-59.94571029533774,1.6905534267425537,,1.5,
DQN,dqn,0,374,-182.0,,-52.72673605830292,1.9293813705444336,,1.5,
DQN,dqn,0,375,-144.0,,-58.377526816006366,1.9052603244781494,,1.5,
DQN,dqn,0,376,-140.0,,-59.51893019168935,1.750626564025879,,1.5,
DQN,dqn,0,377,-159.0,,-55.0556644231081,1.7337329387664795,,1.5,
DQN,dqn,0,378,-205.0,,-56.63483881718904,1.876612663269043,,1.5,
DQN,dqn,0,379,-196.0,,-55.34779396638047,1.7568976879119873,,1.5,
DQN,dqn,0,380,-165.0,-500.0,-56.135244128215746,1.82987380027771,-1.9954600572586059,1.5,
DQN,dqn,0,381,-147.0,,-60.097065384323535,1.5951886177062988,,1.5,
DQN,dqn,0,382,-163.0,,-57.65904166058796,1.8126299381256104,,1.5,
DQN,dqn,0,383,-151.0,,-55.318819999694824,1.7559187412261963,,1.5,
DQN,dqn,0,384,-146.0,,-55.97174426487514,1.6508450508117676,,1.5,
DQN,dqn,0,385,-132.0,,-55.908772454225925,1.8837594985961914,,1.5,
DQN,dqn,0,386,-156.0,,-54.76329996631404,1.6281547546386719,,1.5,
DQN,dqn,0,387,-102.0,,-60.67906318590479,1.5585049390792847,,1.5,
DQN,dqn,0,388,-217.0,,-54.924655004378856,1.5584049224853516,,1.5,
DQN,dqn,0,389,-124.0,,-60.21101824951172,1.7605583667755127,,1.5,
DQN,dqn,0,390,-145.0,-500.0,-58.512454581587285,1.5957081317901611,-1.9103537559509278,1.5,
DQN,dqn,0,391,-111.0,,-58.576862130846294,1.76985502243042,,1.5,
DQN,dqn,0,392,-190.0,,-54.89752371024087,1.6826690435409546,,1.5,
DQN,dqn,0,393,-168.0,,-54.354963077595954,1.8306822776794434,,1.5,
DQN,dqn,0,394,-151.0,,-58.45615644203989,1.9363629817962646,,1.5,
DQN,dqn,0,395,-152.0,,-59.19351572772257,1.5949616432189941,,1.5,
DQN,dqn,0,396,-187.0,,-49.99938860757554,1.7541868686676025,,1.5,
DQN,dqn,0,397,-175.0,,-58.39979450540109,1.5449180603027344,,1.5,
DQN,dqn,0,398,-179.0,,-59.478711663352115,1.8989328145980835,,1.5,
DQN,dqn,0,399,-155.0,,-59.33327163794102,1.7329767942428589,,1.5,
DQN,dqn,0,400,-182.0,-500.0,-61.07406405673001,1.8709681034088135,-1.9954600572586059,1.5,
DQN,dqn,0,401,-125.0,,-58.379412878127326,1.5281524658203125,,1.5,
DQN,dqn,0,402,-115.0,,-60.216719265641835,1.7557430267333984,,1.5,
DQN,dqn,0,403,-166.0,,-58.46181576551791,1.6775785684585571,,1.5,
DQN,dqn,0,404,-177.0,,-57.312993746125294,1.633748173713684,,1.5,
DQN,dqn,0,405,-145.0,,-57.536173232614175,1.544569492340088,,1.5,
DQN,dqn,0,406,-154.0,,-57.09814615557271,1.6697337627410889,,1.5,
DQN,dqn,0,407,-107.0,,-59.325715718445956,1.7614752054214478,,1.5,
DQN,dqn,0,408,-138.0,,-57.44507518260599,1.653299331665039,,1.5,
DQN,dqn,0,409,-295.0,,-54.60786295541235,1.5611153841018677,,1.5,
DQN,dqn,0,410,-131.0,-500.0,-57.33129874142733,1.881716012954712,-1.9103537559509278,1.5,
DQN,dqn,0,411,-164.0,,-57.008367644656786,1.8929839134216309,,1.5,
DQN,dqn,0,412,-175.0,,-50.44194105538455,1.5165899991989136,,1.5,
DQN,dqn,0,413,-143.0,,-60.0995215177536,1.5811142921447754,,1.5,
DQN,dqn,0,414,-153.0,,-55.920438023356645,1.9576599597930908,,1.5,
DQN,dqn,0,415,-104.0,,-59.914970125470845,1.6054972410202026,,1.5,
DQN,dqn,0,416,-130.0,,-58.00504055459991,1.866255521774292,,1.5,
DQN,dqn,0,417,-199.0,,-58.21406790733337,1.6777653694152832,,1.5,
DQN,dqn,0,418,-97.0,,-58.89583762811155,1.6597685813903809,,1.5,
DQN,dqn,0,419,-300.0,,-43.596776505641365,1.749873399734497,,1.5,
DQN,dqn,0,420,-155.0,-500.0,-55.608799329170814,1.528422236442566,-1.9954600572586059,1.5,
DQN,dqn,0,421,-108.0,,-61.1036704877101,1.6698777675628662,,1.5,
DQN,dqn,0,422,-113.0,,-61.19926676833839,1.524003028869629,,1.5,
DQN,dqn,0,423,-154.0,,-60.0900882351783,1.6424779891967773,,1.5,
DQN,dqn,0,424,-133.0,,-57.8465238827378,1.6535260677337646,,1.5,
DQN,dqn,0,425,-115.0,,-60.505615365916285,1.512864351272583,,1.5,
DQN,dqn,0,426,-191.0,,-55.68358947336674,1.9991450309753418,,1.5,
DQN,dqn,0,427,-154.0,,-58.879571533203126,1.5309016704559326,,1.5,
DQN,dqn,0,428,-171.0,,-54.24050501335499,1.584662914276123,,1.5,
DQN,dqn,0,429,-150.0,,-55.587205710000546,1.6646628379821777,,1.5,
DQN,dqn,0,430,-118.0,-500.0,-57.61914929622362,1.6317819356918335,-1.9954600572586059,1.5,
DQN,dqn,0,431,-116.0,,-61.078971145499466,1.6005089282989502,,1.5,
DQN,dqn,0,432,-137.0,,-50.25418379341347,1.780427098274231,,1.5,
DQN,dqn,0,433,-145.0,,-55.64305624896533,1.637685775756836,,1.5,
DQN,dqn,0,434,-115.0,,-56.80841638301981,1.6722092628479004,,1.5,
DQN,dqn,0,435,-146.0,,-59.22111995203965,1.7383902072906494,,1.5,
DQN,dqn,0,436,-127.0,,-58.99768479168415,1.566251277923584,,1.5,
DQN,dqn,0,437,-120.0,,-58.151926324387226,1.7004188299179077,,1.5,
DQN,dqn,0,438,-174.0,,-58.2540268434797,1.7223989963531494,,1.5,
DQN,dqn,0,439,-272.0,,-32.48803458185423,1.6413722038269043,,1.5,
DQN,dqn,0,440,-136.0,-425.6,-60.398136278138544,1.5370543003082275,-1.1519484043121337,1.5,
DQN,dqn,0,441,-131.0,,-54.16091363177155,1.7097513675689697,,1.5,
DQN,dqn,0,442,-90.0,,-59.93825669341035,1.618367314338684,,1.5,
DQN,dqn,0,443,-126.0,,-55.8869814760103,1.7084898948669434,,1.5,
DQN,dqn,0,444,-138.0,,-54.60394494996654,1.7954328060150146,,1.5,
DQN,dqn,0,445,-126.0,,-59.32969623475563,1.5021891593933105,,1.5,
DQN,dqn,0,446,-125.0,,-62.55734616234189,1.5350674390792847,,1.5,
DQN,dqn,0,447,-125.0,,-56.3097163609096,1.7926009893417358,,1.5,
DQN,dqn,0,448,-152.0,,-55.314076164968654,1.6762052774429321,,1.5,
DQN,dqn,0,449,-168.0,,-54.60594759608161,1.6330151557922363,,1.5,
DQN,dqn,0,450,-119.0,-141.4,-57.87657909293969,1.8615401983261108,1.7822248935699463,1.5,
DQN,dqn,0,451,-139.0,,-53.991267149788996,1.8417837619781494,,1.5,
DQN,dqn,0,452,-115.0,,-59.894080786869445,1.5899882316589355,,1.5,
DQN,dqn,0,453,-119.0,,-60.760154247283936,1.648097038269043,,1.5,
DQN,dqn,0,454,-280.0,,-45.43827556991068,1.5371980667114258,,1.5,
DQN,dqn,0,455,-144.0,,-60.062354383797484,1.6410143375396729,,1.5,
DQN,dqn,0,456,-109.0,,-61.530828718705614,1.5908808708190918,,1.5,
DQN,dqn,0,457,-131.0,,-56.66761349186753,1.53826904296875,,1.5,
DQN,dqn,0,458,-127.0,,-55.20542511343956,1.869307518005371,,1.5,
DQN,dqn,0,459,-120.0,,-57.94820676756299,1.577669382095337,,1.5,
DQN,dqn,0,460,-111.0,-500.0,-58.32145772661482,1.700406551361084,-1.9954600572586059,1.5,
DQN,dqn,0,461,-131.0,,-58.432516040224016,1.5088233947753906,,1.5,
DQN,dqn,0,462,-143.0,,-53.51819710599052,1.558490514755249,,1.5,
DQN,dqn,0,463,-171.0,,-54.29069810655228,1.7651214599609375,,1.5,
DQN,dqn,0,464,-179.0,,-50.53095503913032,1.813115119934082,,1.5,
DQN,dqn,0,465,-170.0,,-51.17854257773238,1.8350374698638916,,1.5,
DQN,dqn,0,466,-121.0,,-54.83311803223657,1.5250012874603271,,1.5,
DQN,dqn,0,467,-105.0,,-57.70836759963125,1.5456767082214355,,1.5,
DQN,dqn,0,468,-129.0,,-54.19770891483014,1.9093713760375977,,1.5,
DQN,dqn,0,469,-143.0,,-52.4167437420951,1.736758828163147,,1.5,
DQN,dqn,0,470,-114.0,-500.0,-58.880607986450194,1.780358076095581,-1.8981462001800538,1.5,
DQN,dqn,0,471,-101.0,,-58.8724022285611,1.5501439571380615,,1.5,
DQN,dqn,0,472,-156.0,,-56.6941122127946,1.6742881536483765,,1.5,
DQN,dqn,0,473,-141.0,,-50.47328486912687,1.950265884399414,,1.5,
DQN,dqn,0,474,-142.0,,-62.024404072261355,1.726381778717041,,1.5,
DQN,dqn,0,475,-100.0,,-59.30440762963625,1.7478821277618408,,1.5,
DQN,dqn,0,476,-190.0,,-56.01577365086341,1.8365288972854614,,1.5,
DQN,dqn,0,477,-154.0,,-50.01288354319911,1.8072724342346191,,1.5,
DQN,dqn,0,478,-113.0,,-55.66627115952341,1.6322712898254395,,1.5,
DQN,dqn,0,479,-158.0,,-52.67985832616218,1.955822467803955,,1.5,
DQN,dqn,0,480,-152.0,-146.8,-54.70276527778775,1.7834904193878174,1.6177552700042725,1.5,
DQN,dqn,0,481,-112.0,,-57.537108936141024,1.7145326137542725,,1.5,
DQN,dqn,0,482,-161.0,,-53.24483808102431,1.9700193405151367,,1.5,
DQN,dqn,0,483,-107.0,,-56.09100856935537,1.5573806762695312,,1.5,
DQN,dqn,0,484,-155.0,,-58.38544794229361,1.6558839082717896,,1.5,
DQN,dqn,0,485,-132.0,,-57.090733062055776,1.5438860654830933,,1.5,
DQN,dqn,0,486,-127.0,,-60.79054060578346,1.6984047889709473,,1.5,
DQN,dqn,0,487,-116.0,,-56.8776672069843,1.8618425130844116,,1.5,
DQN,dqn,0,488,-117.0,,-59.39769245406329,1.7211058139801025,,1.5,
DQN,dqn,0,489,-129.0,,-55.17207763378437,1.516939401626587,,1.5,
DQN,dqn,0,490,-113.0,-500.0,-58.849481766684015,1.7268251180648804,-1.8981462001800538,1.5,
DQN,dqn,0,491,-169.0,,-49.59967615323908,1.5623482465744019,,1.5,
DQN,dqn,0,492,-105.0,,-59.71143011776906,1.7483415603637695,,1.5,
DQN,dqn,0,493,-133.0,,-58.00902438519606,1.7201136350631714,,1.5,
DQN,dqn,0,494,-116.0,,-60.06703261024931,1.5600693225860596,,1.5,
DQN,dqn,0,495,-125.0,,-54.69793006162795,1.9360742568969727,,1.5,
DQN,dqn,0,496,-129.0,,-56.417966827979456,1.5538748502731323,,1.5,
DQN,dqn,0,497,-179.0,,-60.83816356658936,1.642583966255188,,1.5,
DQN,dqn,0,498,-141.0,,-57.68487434655848,1.6450257301330566,,1.5,
DQN,dqn,0,499,-105.0,,-59.30820072821851,1.563327670097351,,1.5,
DQN,dqn,0,500,-135.0,-115.0,-60.34187288845287,1.7626185417175293,1.6125236749649048,1.5,
Double DQN,double_dqn,0,1,-500.0,,-0.8198993531167507,0.24432653188705444,,1.5,
Double DQN,double_dqn,0,2,-500.0,,-0.9773526574373246,-0.8804355263710022,,1.5,
Double DQN,double_dqn,0,3,-500.0,,-1.9339370354413987,-0.7791189551353455,,1.5,
Double DQN,double_dqn,0,4,-500.0,,-1.9482652840614318,-0.600767970085144,,1.5,
Double DQN,double_dqn,0,5,-500.0,,-2.930309859752655,-1.5223994255065918,,1.5,
Double DQN,double_dqn,0,6,-500.0,,-2.9360578956604004,0.021540939807891846,,1.5,
Double DQN,double_dqn,0,7,-500.0,,-3.8954906344413756,-1.06827974319458,,1.5,
Double DQN,double_dqn,0,8,-500.0,,-3.900867045879364,-1.030761480331421,,1.5,
Double DQN,double_dqn,0,9,-500.0,,-4.824626754760742,0.986854076385498,,1.5,
Double DQN,double_dqn,0,10,-500.0,-500.0,-4.851464728355408,-0.48668041825294495,-1.8981462001800538,1.5,
Double DQN,double_dqn,0,11,-500.0,,-5.816669590950013,-0.9452435970306396,,1.5,
Double DQN,double_dqn,0,12,-500.0,,-5.808459914207458,-0.6838345527648926,,1.5,
Double DQN,double_dqn,0,13,-500.0,,-6.754189035415649,-1.2501627206802368,,1.5,
Double DQN,double_dqn,0,14,-500.0,,-6.731715198516846,-0.9739466309547424,,1.5,
Double DQN,double_dqn,0,15,-500.0,,-7.674562219619751,-0.854217529296875,,1.5,
Double DQN,double_dqn,0,16,-500.0,,-7.657924608230591,-0.42975884675979614,,1.5,
Double DQN,double_dqn,0,17,-500.0,,-8.553289560317992,-0.4492994546890259,,1.5,
Double DQN,double_dqn,0,18,-500.0,,-8.563580812454223,0.04360556602478027,,1.5,
Double DQN,double_dqn,0,19,-500.0,,-9.41210174369812,-0.702088475227356,,1.5,
Double DQN,double_dqn,0,20,-500.0,-500.0,-9.404156227111816,-0.4951246976852417,-1.9954600572586059,1.5,
Double DQN,double_dqn,0,21,-500.0,,-10.393007600784301,-0.7483641505241394,,1.5,
Double DQN,double_dqn,0,22,-500.0,,-10.234142377853393,0.6436762809753418,,1.5,
Double DQN,double_dqn,0,23,-500.0,,-11.089473119735718,0.6364505290985107,,1.5,
Double DQN,double_dqn,0,24,-500.0,,-11.213648630142211,-0.2055579423904419,,1.5,
Double DQN,double_dqn,0,25,-500.0,,-12.130563302993774,-1.0966891050338745,,1.5,
Double DQN,double_dqn,0,26,-500.0,,-12.096192911148071,0.03558945655822754,,1.5,
Double DQN,double_dqn,0,27,-500.0,,-12.984680253982544,-1.2829129695892334,,1.5,
Double DQN,double_dqn,0,28,-500.0,,-12.99410177230835,-1.488349199295044,,1.5,
Double DQN,double_dqn,0,29,-500.0,,-12.949947677612304,1.3089419603347778,,1.5,
Double DQN,double_dqn,0,30,-500.0,-500.0,-12.901707667350768,1.040594220161438,-1.9103537559509278,1.5,
Double DQN,double_dqn,0,31,-500.0,,-14.646911182403564,-0.21169424057006836,,1.5,
Double DQN,double_dqn,0,32,-500.0,,-14.486474309921265,-0.602575957775116,,1.5,
Double DQN,double_dqn,0,33,-500.0,,-14.316814347267151,1.212302803993225,,1.5,
Double DQN,double_dqn,0,34,-500.0,,-15.400192434310913,-0.0028061866760253906,,1.5,
Double DQN,double_dqn,0,35,-500.0,,-16.291760904312135,-1.0525413751602173,,1.5,
Double DQN,double_dqn,0,36,-500.0,,-16.148818481445314,-0.39953669905662537,,1.5,
Double DQN,double_dqn,0,37,-500.0,,-17.172801288604738,-0.5581361651420593,,1.5,
Double DQN,double_dqn,0,38,-496.0,,-15.547943489412427,1.5102689266204834,,1.5,
Double DQN,double_dqn,0,39,-500.0,,-17.725684545516966,-0.8408028483390808,,1.5,
Double DQN,double_dqn,0,40,-500.0,-500.0,-17.4629874420166,1.4296808242797852,-1.9954600572586059,1.5,
Double DQN,double_dqn,0,41,-500.0,,-18.174503679275514,0.6252260208129883,,1.5,
Double DQN,double_dqn,0,42,-500.0,,-18.687495746612548,-0.37259167432785034,,1.5,
Double DQN,double_dqn,0,43,-500.0,,-17.628952852249146,1.4020437002182007,,1.5,
Double DQN,double_dqn,0,44,-500.0,,-19.219806022644043,0.6439327001571655,,1.5,
Double DQN,double_dqn,0,45,-500.0,,-19.23754486846924,0.13503813743591309,,1.5,
Double DQN,double_dqn,0,46,-500.0,,-19.477524543762208,0.3101118505001068,,1.5,
Double DQN,double_dqn,0,47,-500.0,,-20.351673631668092,-0.14654043316841125,,1.5,
Double DQN,double_dqn,0,48,-500.0,,-20.00075891494751,0.6151695251464844,,1.5,
Double DQN,double_dqn,0,49,-500.0,,-21.622148418426512,0.10579997301101685,,1.5,
Double DQN,double_dqn,0,50,-500.0,-500.0,-18.55536170196533,1.2802236080169678,-1.9954600572586059,1.5,
Double DQN,double_dqn,0,51,-500.0,,-21.500327224731446,0.7052645087242126,,1.5,
Double DQN,double_dqn,0,52,-495.0,,-18.428983157290325,1.6848368644714355,,1.5,
Double DQN,double_dqn,0,53,-500.0,,-22.122015216827393,0.8623111248016357,,1.5,
Double DQN,double_dqn,0,54,-500.0,,-22.682023765563965,0.4407939910888672,,1.5,
Double DQN,double_dqn,0,55,-500.0,,-22.11137336730957,0.40624621510505676,,1.5,
Double DQN,double_dqn,0,56,-500.0,,-22.556708850860595,1.3831510543823242,,1.5,
Double DQN,double_dqn,0,57,-500.0,,-24.417498237609863,0.10681520402431488,,1.5,
Double DQN,double_dqn,0,58,-395.0,,-19.50012185778281,1.782522439956665,,1.5,
Double DQN,double_dqn,0,59,-500.0,,-25.213788311004638,-0.47529661655426025,,1.5,
Double DQN,double_dqn,0,60,-500.0,-500.0,-22.723239936828612,0.9311144948005676,-1.9103537559509278,1.5,
Double DQN,double_dqn,0,61,-500.0,,-23.70718515586853,0.794030487537384,,1.5,
Double DQN,double_dqn,0,62,-500.0,,-24.761339820861817,-0.05828922986984253,,1.5,
Double DQN,double_dqn,0,63,-454.0,,-22.407047403775728,1.675835132598877,,1.5,
Double DQN,double_dqn,0,64,-378.0,,-24.373839936973553,1.6253585815429688,,1.5,
Double DQN,double_dqn,0,65,-500.0,,-24.878764488220217,1.1269893646240234,,1.5,
Double DQN,double_dqn,0,66,-500.0,,-24.9427189617157,1.2898049354553223,,1.5,
Double DQN,double_dqn,0,67,-500.0,,-26.598968700408935,0.7392318248748779,,1.5,
Double DQN,double_dqn,0,68,-387.0,,-25.134656746362904,1.529881477355957,,1.5,
Double DQN,double_dqn,0,69,-500.0,,-26.847158878326415,0.16875380277633667,,1.5,
Double DQN,double_dqn,0,70,-345.0,-500.0,-26.72132921218872,1.5708110332489014,-1.8981462001800538,1.5,
Double DQN,double_dqn,0,71,-432.0,,-24.97773027530168,1.5165573358535767,,1.5,
Double DQN,double_dqn,0,72,-449.0,,-27.197663514879014,1.5138074159622192,,1.5,
Double DQN,double_dqn,0,73,-500.0,,-24.643842222213745,1.300825834274292,,1.5,
Double DQN,double_dqn,0,74,-500.0,,-28.450728675842285,0.8314967751502991,,1.5,
Double DQN,double_dqn,0,75,-488.0,,-25.579992764322792,1.5463411808013916,,1.5,
Double DQN,double_dqn,0,76,-500.0,,-28.164912517547606,1.0784469842910767,,1.5,
Double DQN,double_dqn,0,77,-449.0,,-29.01169650607639,1.569981336593628,,1.5,
Double DQN,double_dqn,0,78,-412.0,,-28.065825328411258,1.6072986125946045,,1.5,
Double DQN,double_dqn,0,79,-220.0,,-28.938103542068966,1.5917878150939941,,1.5,
Double DQN,double_dqn,0,80,-284.0,-500.0,-28.42515763399894,1.5525732040405273,-1.9103537559509278,1.5,
Double DQN,double_dqn,0,81,-242.0,,-29.525901920020335,1.5407052040100098,,1.5,
Double DQN,double_dqn,0,82,-500.0,,-30.674678684234618,1.1497089862823486,,1.5,
Double DQN,double_dqn,0,83,-343.0,,-30.400244430054066,1.5608985424041748,,1.5,
Double DQN,double_dqn,0,84,-500.0,,-27.65462592506409,1.247300386428833,,1.5,
Double DQN,double_dqn,0,85,-451.0,,-28.35725703281639,1.6789679527282715,,1.5,
Double DQN,double_dqn,0,86,-478.0,,-27.09807361292192,1.6141269207000732,,1.5,
Double DQN,double_dqn,0,87,-461.0,,-28.49063303563502,1.7237021923065186,,1.5,
Double DQN,double_dqn,0,88,-379.0,,-31.250613453513697,1.6456120014190674,,1.5,
Double DQN,double_dqn,0,89,-240.0,,-30.254047647056737,1.8100054264068604,,1.5,
Double DQN,double_dqn,0,90,-458.0,-500.0,-27.323067334742326,1.5601325035095215,-1.9954600572586059,1.5,
Double DQN,double_dqn,0,91,-233.0,,-31.712017646202675,1.5637634992599487,,1.5,
Double DQN,double_dqn,0,92,-354.0,,-31.63502764634683,1.652895212173462,,1.5,
Double DQN,double_dqn,0,93,-301.0,,-30.744433276700658,1.881009817123413,,1.5,
Double DQN,double_dqn,0,94,-265.0,,-30.863745958285225,1.589327335357666,,1.5,
Double DQN,double_dqn,0,95,-427.0,,-32.68648523705028,1.600570559501648,,1.5,
Double DQN,double_dqn,0,96,-483.0,,-32.44330205208014,1.5385985374450684,,1.5,
Double DQN,double_dqn,0,97,-434.0,,-30.116773269916404,1.529273271560669,,1.5,
Double DQN,double_dqn,0,98,-355.0,,-30.09915029600765,1.5359258651733398,,1.5,
Double DQN,double_dqn,0,99,-349.0,,-32.4059232384818,1.5927178859710693,,1.5,
Double DQN,double_dqn,0,100,-269.0,-500.0,-32.10786871027064,1.6903318166732788,-1.9954600572586059,1.5,
Double DQN,double_dqn,0,101,-385.0,,-30.387592602270256,1.7335505485534668,,1.5,
Double DQN,double_dqn,0,102,-298.0,,-32.695586494777515,1.7424123287200928,,1.5,
Double DQN,double_dqn,0,103,-277.0,,-33.10056923104705,1.5054435729980469,,1.5,
Double DQN,double_dqn,0,104,-338.0,,-33.70462532943681,1.7676706314086914,,1.5,
Double DQN,double_dqn,0,105,-263.0,,-32.837030641960375,1.5701518058776855,,1.5,
Double DQN,double_dqn,0,106,-220.0,,-32.106782982252305,1.5265882015228271,,1.5,
Double DQN,double_dqn,0,107,-261.0,,-31.86639606679669,1.7857502698898315,,1.5,
Double DQN,double_dqn,0,108,-313.0,,-33.10510989511089,1.6209124326705933,,1.5,
Double DQN,double_dqn,0,109,-362.0,,-32.90197760736975,1.588228702545166,,1.5,
Double DQN,double_dqn,0,110,-352.0,-97.0,-33.04649639940127,1.5696742534637451,1.617625880241394,1.5,
Double DQN,double_dqn,0,111,-306.0,,-33.80613028187705,1.5267333984375,,1.5,
Double DQN,double_dqn,0,112,-308.0,,-32.82525424895549,1.6430941820144653,,1.5,
Double DQN,double_dqn,0,113,-315.0,,-34.3079555276074,1.8287148475646973,,1.5,
Double DQN,double_dqn,0,114,-305.0,,-34.8527565251768,1.6883333921432495,,1.5,
Double DQN,double_dqn,0,115,-302.0,,-33.923662009412304,1.589634656906128,,1.5,
Double DQN,double_dqn,0,116,-246.0,,-34.06216351899058,1.6598650217056274,,1.5,
Double DQN,double_dqn,0,117,-256.0,,-35.71977534461114,1.5681886672973633,,1.5,
Double DQN,double_dqn,0,118,-371.0,,-33.907310906276905,1.6328134536743164,,1.5,
Double DQN,double_dqn,0,119,-316.0,,-32.19697498899153,1.5994501113891602,,1.5,
Double DQN,double_dqn,0,120,-313.0,-105.0,-28.888171919971516,1.6629307270050049,1.7254937887191772,1.5,
Double DQN,double_dqn,0,121,-234.0,,-33.22329494800974,1.6873736381530762,,1.5,
Double DQN,double_dqn,0,122,-263.0,,-34.9927684393796,1.6578567028045654,,1.5,
Double DQN,double_dqn,0,123,-323.0,,-34.7902078098721,1.55873441696167,,1.5,
Double DQN,double_dqn,0,124,-324.0,,-33.76295085026668,1.602919578552246,,1.5,
Double DQN,double_dqn,0,125,-399.0,,-32.40284262418747,1.5689222812652588,,1.5,
Double DQN,double_dqn,0,126,-237.0,,-35.254275578410684,1.9817485809326172,,1.5,
Double DQN,double_dqn,0,127,-254.0,,-33.25461417179481,1.5143942832946777,,1.5,
Double DQN,double_dqn,0,128,-177.0,,-37.355251633719114,1.6323561668395996,,1.5,
Double DQN,double_dqn,0,129,-242.0,,-37.37248930126551,1.5681822299957275,,1.5,
Double DQN,double_dqn,0,130,-228.0,-500.0,-36.17148232772361,1.6497957706451416,-1.8981462001800538,1.5,
Double DQN,double_dqn,0,131,-248.0,,-36.098681438400085,1.5631588697433472,,1.5,
Double DQN,double_dqn,0,132,-298.0,,-34.82149542295016,1.8752074241638184,,1.5,
Double DQN,double_dqn,0,133,-222.0,,-37.28738768539087,1.5939059257507324,,1.5,
Double DQN,double_dqn,0,134,-263.0,,-36.54594910506046,1.539708137512207,,1.5,
Double DQN,double_dqn,0,135,-269.0,,-38.23327154936614,1.5238802433013916,,1.5,
Double DQN,double_dqn,0,136,-187.0,,-35.66459521841496,1.5373202562332153,,1.5,
Double DQN,double_dqn,0,137,-232.0,,-36.52982345057148,1.720672607421875,,1.5,
Double DQN,double_dqn,0,138,-194.0,,-37.63664704347268,1.6976420879364014,,1.5,
Double DQN,double_dqn,0,139,-275.0,,-36.84138310819432,1.5078620910644531,,1.5,
Double DQN,double_dqn,0,140,-330.0,-346.6,-34.70775945957334,1.54799485206604,-0.483963680267334,1.5,
Double DQN,double_dqn,0,141,-235.0,,-36.496010659104684,1.5855273008346558,,1.5,
Double DQN,double_dqn,0,142,-201.0,,-35.515566079923424,1.7396430969238281,,1.5,
Double DQN,double_dqn,0,143,-200.0,,-37.99859621987414,1.7746071815490723,,1.5,
Double DQN,double_dqn,0,144,-189.0,,-38.84753096731085,1.6404881477355957,,1.5,
Double DQN,double_dqn,0,145,-166.0,,-37.958615480068914,1.5173556804656982,,1.5,
Double DQN,double_dqn,0,146,-263.0,,-36.61772498217496,1.511073112487793,,1.5,
Double DQN,double_dqn,0,147,-274.0,,-36.69570511557839,1.5720975399017334,,1.5,
Double DQN,double_dqn,0,148,-263.0,,-37.600941173958056,1.5593137741088867,,1.5,
Double DQN,double_dqn,0,149,-232.0,,-36.41296356021079,1.5776114463806152,,1.5,
Double DQN,double_dqn,0,150,-221.0,-86.2,-33.54831188219087,1.8917591571807861,1.7461687088012696,1.5,
Double DQN,double_dqn,0,151,-228.0,,-37.10344916764305,1.6005098819732666,,1.5,
Double DQN,double_dqn,0,152,-201.0,,-39.08325211364444,1.582763671875,,1.5,
Double DQN,double_dqn,0,153,-257.0,,-38.938013934349826,1.5798633098602295,,1.5,
Double DQN,double_dqn,0,154,-179.0,,-36.07258887820774,1.6602327823638916,,1.5,
Double DQN,double_dqn,0,155,-239.0,,-38.60250994364421,1.5077544450759888,,1.5,
Double DQN,double_dqn,0,156,-207.0,,-34.83240361397083,1.8060914278030396,,1.5,
Double DQN,double_dqn,0,157,-168.0,,-39.07132899267434,1.640236258506775,,1.5,
Double DQN,double_dqn,0,158,-263.0,,-38.81718959230365,1.5562548637390137,,1.5,
Double DQN,double_dqn,0,159,-200.0,,-37.0595923276683,1.94208562374115,,1.5,
Double DQN,double_dqn,0,160,-195.0,-92.8,-39.79318293746637,1.571059226989746,1.630590558052063,1.5,
Double DQN,double_dqn,0,161,-180.0,,-40.801642507479336,1.6303279399871826,,1.5,
Double DQN,double_dqn,0,162,-259.0,,-36.13574462303748,1.7423441410064697,,1.5,
Double DQN,double_dqn,0,163,-210.0,,-38.66114604642606,1.5850114822387695,,1.5,
Double DQN,double_dqn,0,164,-238.0,,-38.946810271450666,1.6934928894042969,,1.5,
Double DQN,double_dqn,0,165,-218.0,,-38.3789960957009,1.7988569736480713,,1.5,
Double DQN,double_dqn,0,166,-177.0,,-41.37927570771635,1.7296853065490723,,1.5,
Double DQN,double_dqn,0,167,-227.0,,-38.96110290393495,1.6197075843811035,,1.5,
Double DQN,double_dqn,0,168,-293.0,,-35.569928500117086,1.579200267791748,,1.5,
Double DQN,double_dqn,0,169,-215.0,,-38.6636946466234,1.698756456375122,,1.5,
Double DQN,double_dqn,0,170,-208.0,-141.4,-39.51106154519405,1.5222773551940918,1.7845084190368652,1.5,
Double DQN,double_dqn,0,171,-314.0,,-40.14778120858329,1.5057437419891357,,1.5,
Double DQN,double_dqn,0,172,-171.0,,-41.637435269910235,1.5680344104766846,,1.5,
Double DQN,double_dqn,0,173,-133.0,,-41.08671112914583,1.5891361236572266,,1.5,
Double DQN,double_dqn,0,174,-155.0,,-40.27912252377241,1.6003375053405762,,1.5,
Double DQN,double_dqn,0,175,-159.0,,-38.92606108188629,1.6333849430084229,,1.5,
Double DQN,double_dqn,0,176,-208.0,,-39.34982143977042,1.9009861946105957,,1.5,
Double DQN,double_dqn,0,177,-267.0,,-37.8181363860173,1.506791114807129,,1.5,
Double DQN,double_dqn,0,178,-213.0,,-40.05555426071737,1.5823832750320435,,1.5,
Double DQN,double_dqn,0,179,-168.0,,-38.31414806207962,1.6640894412994385,,1.5,
Double DQN,double_dqn,0,180,-217.0,-206.2,-38.966669922574944,1.6335523128509521,0.9823079824447631,1.5,
Double DQN,double_dqn,0,181,-174.0,,-40.60061342511858,1.6204924583435059,,1.5,
Double DQN,double_dqn,0,182,-225.0,,-39.21052785890292,1.5842137336730957,,1.5,
Double DQN,double_dqn,0,183,-193.0,,-39.48460270203266,1.5781404972076416,,1.5,
Double DQN,double_dqn,0,184,-286.0,,-41.93893665220679,1.5783910751342773,,1.5,
Double DQN,double_dqn,0,185,-137.0,,-41.66373736616494,1.5520128011703491,,1.5,
Double DQN,double_dqn,0,186,-206.0,,-40.24590924396607,1.6395853757858276,,1.5,
Double DQN,double_dqn,0,187,-242.0,,-35.354958306614755,1.8701834678649902,,1.5,
Double DQN,double_dqn,0,188,-168.0,,-39.10220305877324,1.518706202507019,,1.5,
Double DQN,double_dqn,0,189,-160.0,,-40.65364949007212,1.616743803024292,,1.5,
Double DQN,double_dqn,0,190,-193.0,-419.2,-40.784093571692395,1.6257150173187256,-1.234885001182556,1.5,
Double DQN,double_dqn,0,191,-164.0,,-43.087922703136094,1.5460140705108643,,1.5,
Double DQN,double_dqn,0,192,-211.0,,-39.23720761964906,1.5125212669372559,,1.5,
Double DQN,double_dqn,0,193,-160.0,,-41.130309726880945,1.6046099662780762,,1.5,
Double DQN,double_dqn,0,194,-201.0,,-39.91024125448548,1.8110945224761963,,1.5,
Double DQN,double_dqn,0,195,-230.0,,-41.001647684997295,1.5227000713348389,,1.5,
Double DQN,double_dqn,0,196,-183.0,,-42.18982998184536,1.5002925395965576,,1.5,
Double DQN,double_dqn,0,197,-185.0,,-41.59510981652044,1.5489280223846436,,1.5,
Double DQN,double_dqn,0,198,-202.0,,-41.76662804927732,1.5108530521392822,,1.5,
Double DQN,double_dqn,0,199,-203.0,,-37.19974254626854,1.682953953742981,,1.5,
Double DQN,double_dqn,0,200,-170.0,-107.0,-41.75738229807357,1.804490089416504,1.7514451742172241,1.5,
Double DQN,double_dqn,0,201,-193.0,,-37.83951639391712,1.5015523433685303,,1.5,
Double DQN,double_dqn,0,202,-258.0,,-39.101570031817815,1.6393414735794067,,1.5,
Double DQN,double_dqn,0,203,-500.0,,-24.16575424927473,1.4940788745880127,,1.5,
Double DQN,double_dqn,0,204,-217.0,,-42.02904001288458,1.7810622453689575,,1.5,
Double DQN,double_dqn,0,205,-188.0,,-40.19521121877842,1.509197473526001,,1.5,
Double DQN,double_dqn,0,206,-251.0,,-39.833647262482415,1.8194652795791626,,1.5,
Double DQN,double_dqn,0,207,-195.0,,-43.49414688227128,1.6134815216064453,,1.5,
Double DQN,double_dqn,0,208,-500.0,,-29.509165798187254,0.589550793170929,,1.5,
Double DQN,double_dqn,0,209,-170.0,,-42.51267790097242,1.6893959045410156,,1.5,
Double DQN,double_dqn,0,210,-155.0,-500.0,-43.91098103156457,1.5574266910552979,-1.9954600572586059,1.5,
Double DQN,double_dqn,0,211,-239.0,,-39.591574962933855,1.6879241466522217,,1.5,
Double DQN,double_dqn,0,212,-179.0,,-41.29983435736762,1.5152146816253662,,1.5,
Double DQN,double_dqn,0,213,-213.0,,-32.66295468250168,1.6918267011642456,,1.5,
Double DQN,double_dqn,0,214,-177.0,,-42.05770941530721,1.5617148876190186,,1.5,
Double DQN,double_dqn,0,215,-197.0,,-43.11440754900075,1.65480375289917,,1.5,
Double DQN,double_dqn,0,216,-167.0,,-42.83836639495123,1.638217568397522,,1.5,
Double DQN,double_dqn,0,217,-169.0,,-42.17045609810773,1.9342896938323975,,1.5,
Double DQN,double_dqn,0,218,-183.0,,-44.868021830268525,1.6411819458007812,,1.5,
Double DQN,double_dqn,0,219,-257.0,,-39.245599234751026,1.9551725387573242,,1.5,
Double DQN,double_dqn,0,220,-150.0,-94.4,-43.871672245050895,1.5872164964675903,1.619872236251831,1.5,
Double DQN,double_dqn,0,221,-173.0,,-42.37123014735079,1.6443896293640137,,1.5,
Double DQN,double_dqn,0,222,-214.0,,-33.65444420201834,1.7252461910247803,,1.5,
Double DQN,double_dqn,0,223,-450.0,,-11.683803151029176,1.7174897193908691,,1.5,
Double DQN,double_dqn,0,224,-175.0,,-44.112447716973044,1.5483020544052124,,1.5,
Double DQN,double_dqn,0,225,-162.0,,-43.58976620399147,1.518496036529541,,1.5,
Double DQN,double_dqn,0,226,-205.0,,-43.40285958595646,1.5435469150543213,,1.5,
Double DQN,double_dqn,0,227,-197.0,,-42.45214371729379,1.6390094757080078,,1.5,
Double DQN,double_dqn,0,228,-228.0,,-36.43524355971657,1.8751773834228516,,1.5,
Double DQN,double_dqn,0,229,-148.0,,-44.449024456459405,1.6707878112792969,,1.5,
Double DQN,double_dqn,0,230,-174.0,-134.4,-41.96149817330497,1.7870562076568604,1.730199432373047,1.5,
Double DQN,double_dqn,0,231,-185.0,,-41.38778974676645,1.8087491989135742,,1.5,
Double DQN,double_dqn,0,232,-158.0,,-43.94018114437847,1.760852575302124,,1.5,
Double DQN,double_dqn,0,233,-146.0,,-40.5371422832515,1.5898101329803467,,1.5,
Double DQN,double_dqn,0,234,-136.0,,-43.404899221267144,1.538935661315918,,1.5,
Double DQN,double_dqn,0,235,-184.0,,-40.377335919560615,1.6558293104171753,,1.5,
Double DQN,double_dqn,0,236,-167.0,,-41.00541629819643,1.5003178119659424,,1.5,
Double DQN,double_dqn,0,237,-133.0,,-42.798195397675926,1.6287920475006104,,1.5,
Double DQN,double_dqn,0,238,-170.0,,-40.28566472014489,1.9310128688812256,,1.5,
Double DQN,double_dqn,0,239,-180.0,,-36.181748533775796,1.6317667961120605,,1.5,
Double DQN,double_dqn,0,240,-190.0,-104.2,-43.775418426353895,1.8327054977416992,1.5415389776229858,1.5,
Double DQN,double_dqn,0,241,-176.0,,-42.44722775820285,1.8611738681793213,,1.5,
Double DQN,double_dqn,0,242,-176.0,,-41.982011579524325,1.711561918258667,,1.5,
Double DQN,double_dqn,0,243,-155.0,,-42.318886652970924,1.6016831398010254,,1.5,
Double DQN,double_dqn,0,244,-231.0,,-36.98598148596698,1.8500492572784424,,1.5,
Double DQN,double_dqn,0,245,-193.0,,-45.020973775804656,1.6893244981765747,,1.5,
Double DQN,double_dqn,0,246,-249.0,,-40.39165653133392,1.5913307666778564,,1.5,
Double DQN,double_dqn,0,247,-202.0,,-45.005496137835124,1.6917424201965332,,1.5,
Double DQN,double_dqn,0,248,-190.0,,-44.55223936310613,1.6526470184326172,,1.5,
Double DQN,double_dqn,0,249,-137.0,,-45.1632271365843,1.6838350296020508,,1.5,
Double DQN,double_dqn,0,250,-179.0,-101.0,-44.80073053571913,1.7843773365020752,1.6754539012908936,1.5,
Double DQN,double_dqn,0,251,-158.0,,-46.37167813043175,1.6370902061462402,,1.5,
Double DQN,double_dqn,0,252,-153.0,,-41.717448860019836,1.6849350929260254,,1.5,
Double DQN,double_dqn,0,253,-181.0,,-44.02878309606196,1.8031761646270752,,1.5,
Double DQN,double_dqn,0,254,-122.0,,-45.55956914948254,1.5793710947036743,,1.5,
Double DQN,double_dqn,0,255,-109.0,,-46.860462015325375,1.538555383682251,,1.5,
Double DQN,double_dqn,0,256,-145.0,,-45.500738196177025,1.5986156463623047,,1.5,
Double DQN,double_dqn,0,257,-233.0,,-34.2915185995591,1.5801081657409668,,1.5,
Double DQN,double_dqn,0,258,-125.0,,-46.81569856310647,1.5124647617340088,,1.5,
Double DQN,double_dqn,0,259,-133.0,,-41.22712434939484,1.5424869060516357,,1.5,
Double DQN,double_dqn,0,260,-305.0,-92.2,-31.028980491013307,1.7318320274353027,1.7046838283538819,1.5,
Double DQN,double_dqn,0,261,-199.0,,-29.009852078855037,1.7581768035888672,,1.5,
Double DQN,double_dqn,0,262,-223.0,,-32.22038727759251,1.7525899410247803,,1.5,
Double DQN,double_dqn,0,263,-201.0,,-46.4839450817297,1.7875034809112549,,1.5,
Double DQN,double_dqn,0,264,-184.0,,-42.12686838201574,1.650773286819458,,1.5,
Double DQN,double_dqn,0,265,-138.0,,-42.65596428191919,1.6861941814422607,,1.5,
Double DQN,double_dqn,0,266,-198.0,,-41.22776807372894,1.5104584693908691,,1.5,
Double DQN,double_dqn,0,267,-194.0,,-40.511788661663346,1.923074722290039,,1.5,
Double DQN,double_dqn,0,268,-160.0,,-46.559711432605056,1.5688084363937378,,1.5,
Double DQN,double_dqn,0,269,-149.0,,-43.68648588180542,1.6335060596466064,,1.5,
Double DQN,double_dqn,0,270,-162.0,-500.0,-43.93364076526618,1.6498960256576538,-1.9954600572586059,1.5,
Double DQN,double_dqn,0,271,-500.0,,-18.85576763212681,0.1733645796775818,,1.5,
Double DQN,double_dqn,0,272,-210.0,,-42.87359116992679,1.510676383972168,,1.5,
Double DQN,double_dqn,0,273,-193.0,,-44.497367490198194,1.7442766427993774,,1.5,
Double DQN,double_dqn,0,274,-169.0,,-46.42478406569537,1.6240358352661133,,1.5,
Double DQN,double_dqn,0,275,-139.0,,-42.6299781867436,1.8379573822021484,,1.5,
Double DQN,double_dqn,0,276,-153.0,,-44.03017191453414,1.8070042133331299,,1.5,
Double DQN,double_dqn,0,277,-139.0,,-46.27028547014509,1.556594967842102,,1.5,
Double DQN,double_dqn,0,278,-133.0,,-45.30695142318953,1.7459681034088135,,1.5,
Double DQN,double_dqn,0,279,-166.0,,-45.03982509681565,1.728651762008667,,1.5,
Double DQN,double_dqn,0,280,-148.0,-127.6,-45.378543776953784,1.761793613433838,1.6704183340072631,1.5,
Double DQN,double_dqn,0,281,-165.0,,-42.65526728457715,1.584712266921997,,1.5,
Double DQN,double_dqn,0,282,-141.0,,-45.56770346198284,1.6005961894989014,,1.5,
Double DQN,double_dqn,0,283,-169.0,,-43.96110783745261,1.5838382244110107,,1.5,
Double DQN,double_dqn,0,284,-124.0,,-44.06257456970215,1.9632859230041504,,1.5,
Double DQN,double_dqn,0,285,-142.0,,-47.10805391431688,1.5658249855041504,,1.5,
Double DQN,double_dqn,0,286,-118.0,,-46.11328267650444,1.5439658164978027,,1.5,
Double DQN,double_dqn,0,287,-122.0,,-46.98464798345798,1.6614141464233398,,1.5,
Double DQN,double_dqn,0,288,-164.0,,-42.84815855315237,1.5061748027801514,,1.5,
Double DQN,double_dqn,0,289,-165.0,,-39.99953866364008,1.8042739629745483,,1.5,
Double DQN,double_dqn,0,290,-121.0,-169.8,-47.72320611359643,1.6870508193969727,1.6914226055145263,1.5,
Double DQN,double_dqn,0,291,-137.0,,-47.1908561595972,1.6580790281295776,,1.5,
Double DQN,double_dqn,0,292,-500.0,,-31.407503301620483,1.2428691387176514,,1.5,
Double DQN,double_dqn,0,293,-152.0,,-44.8282797757317,1.7955644130706787,,1.5,
Double DQN,double_dqn,0,294,-108.0,,-48.33869783593974,1.5032484531402588,,1.5,
Double DQN,double_dqn,0,295,-157.0,,-45.22296992434731,1.6898092031478882,,1.5,
Double DQN,double_dqn,0,296,-174.0,,-44.10983304159982,1.845729112625122,,1.5,
Double DQN,double_dqn,0,297,-199.0,,-36.65650037035346,1.9371283054351807,,1.5,
Double DQN,double_dqn,0,298,-103.0,,-47.53412615335905,1.5323946475982666,,1.5,
Double DQN,double_dqn,0,299,-177.0,,-42.580748611621644,1.7214746475219727,,1.5,
Double DQN,double_dqn,0,300,-148.0,-187.6,-44.66311902167813,1.6035592555999756,0.9986039161682129,1.5,
Double DQN,double_dqn,0,301,-137.0,,-47.559600291044816,1.6310040950775146,,1.5,
Double DQN,double_dqn,0,302,-159.0,,-44.01286838054657,1.6615638732910156,,1.5,
Double DQN,double_dqn,0,303,-137.0,,-42.3357872824738,1.5387314558029175,,1.5,
Double DQN,double_dqn,0,304,-159.0,,-44.259051638841626,1.504565954208374,,1.5,
Double DQN,double_dqn,0,305,-143.0,,-44.75389422310723,1.6623070240020752,,1.5,
Double DQN,double_dqn,0,306,-120.0,,-48.245078047445,1.7881948947906494,,1.5,
Double DQN,double_dqn,0,307,-150.0,,-41.21778740077619,1.5663187503814697,,1.5,
Double DQN,double_dqn,0,308,-327.0,,-32.26375415921211,1.5013397932052612,,1.5,
Double DQN,double_dqn,0,309,-186.0,,-43.38274094127716,1.7095723152160645,,1.5,
Double DQN,double_dqn,0,310,-162.0,-101.0,-43.75695937689097,1.5755010843276978,1.7551481485366822,1.5,
Double DQN,double_dqn,0,311,-133.0,,-42.46420545008645,1.6750035285949707,,1.5,
Double DQN,double_dqn,0,312,-142.0,,-46.377290472284066,1.6925272941589355,,1.5,
Double DQN,double_dqn,0,313,-159.0,,-43.96012846231461,1.7524659633636475,,1.5,
Double DQN,double_dqn,0,314,-151.0,,-44.12994989595915,1.5192368030548096,,1.5,
Double DQN,double_dqn,0,315,-162.0,,-41.68977625969729,1.621009349822998,,1.5,
Double DQN,double_dqn,0,316,-235.0,,-29.02697847840392,1.892287015914917,,1.5,
Double DQN,double_dqn,0,317,-154.0,,-41.50708186241888,1.5158720016479492,,1.5,
Double DQN,double_dqn,0,318,-170.0,,-45.685057981146706,1.9721004962921143,,1.5,
Double DQN,double_dqn,0,319,-135.0,,-41.13859894696404,1.6006792783737183,,1.5,
Double DQN,double_dqn,0,320,-203.0,-97.4,-40.73459197332462,1.9328525066375732,1.7071897506713867,1.5,
Double DQN,double_dqn,0,321,-129.0,,-41.702359694700974,1.6981210708618164,,1.5,
Double DQN,double_dqn,0,322,-142.0,,-47.42500319180789,1.7179735898971558,,1.5,
Double DQN,double_dqn,0,323,-154.0,,-40.818187227556784,1.581544280052185,,1.5,
Double DQN,double_dqn,0,324,-144.0,,-43.4333481459782,1.8110851049423218,,1.5,
Double DQN,double_dqn,0,325,-98.0,,-48.40476284605084,1.6503021717071533,,1.5,
Double DQN,double_dqn,0,326,-123.0,,-45.53720700356268,1.5353461503982544,,1.5,
Double DQN,double_dqn,0,327,-146.0,,-44.63158255856053,1.5419068336486816,,1.5,
Double DQN,double_dqn,0,328,-157.0,,-41.865290469761135,1.6941049098968506,,1.5,
Double DQN,double_dqn,0,329,-177.0,,-37.36161361517531,1.824829339981079,,1.5,
Double DQN,double_dqn,0,330,-160.0,-90.2,-35.68130755350457,1.7860764265060425,1.7280028581619262,1.5,
Double DQN,double_dqn,0,331,-195.0,,-41.30799514420178,1.8002381324768066,,1.5,
Double DQN,double_dqn,0,332,-140.0,,-46.80528427015805,1.567637324333191,,1.5,
Double DQN,double_dqn,0,333,-143.0,,-46.668291714456345,1.8657307624816895,,1.5,
Double DQN,double_dqn,0,334,-114.0,,-44.57177950817606,1.695603370666504,,1.5,
Double DQN,double_dqn,0,335,-214.0,,-36.13891137200733,1.7216379642486572,,1.5,
Double DQN,double_dqn,0,336,-126.0,,-47.347492691100115,1.5311658382415771,,1.5,
Double DQN,double_dqn,0,337,-154.0,,-47.15596011992424,1.750877022743225,,1.5,
Double DQN,double_dqn,0,338,-128.0,,-43.74499680275141,1.7118602991104126,,1.5,
Double DQN,double_dqn,0,339,-110.0,,-48.39287302515528,1.5090126991271973,,1.5,
Double DQN,double_dqn,0,340,-167.0,-94.4,-43.49420881768068,1.6615417003631592,1.6742631912231445,1.5,
Double DQN,double_dqn,0,341,-207.0,,-35.4580936729908,1.6996361017227173,,1.5,
Double DQN,double_dqn,0,342,-145.0,,-45.94178066514943,1.6412034034729004,,1.5,
Double DQN,double_dqn,0,343,-215.0,,-32.57152878562057,1.8698351383209229,,1.5,
Double DQN,double_dqn,0,344,-130.0,,-42.15804693353085,1.5784826278686523,,1.5,
Double DQN,double_dqn,0,345,-104.0,,-49.942147754487536,1.55604887008667,,1.5,
Double DQN,double_dqn,0,346,-110.0,,-48.316215686969926,1.6392054557800293,,1.5,
Double DQN,double_dqn,0,347,-140.0,,-45.75188774758197,1.6412198543548584,,1.5,
Double DQN,double_dqn,0,348,-132.0,,-43.465080565976024,1.7499693632125854,,1.5,
Double DQN,double_dqn,0,349,-181.0,,-36.378780668744675,1.6109580993652344,,1.5,
Double DQN,double_dqn,0,350,-148.0,-100.6,-41.501102924346924,1.8988354206085205,1.717296838760376,1.5,
Double DQN,double_dqn,0,351,-106.0,,-49.084199067588166,1.534047245979309,,1.5,
Double DQN,double_dqn,0,352,-107.0,,-50.41259212847109,1.5457206964492798,,1.5,
Double DQN,double_dqn,0,353,-155.0,,-37.4178769718378,1.735675573348999,,1.5,
Double DQN,double_dqn,0,354,-124.0,,-45.06197742462158,1.6029698848724365,,1.5,
Double DQN,double_dqn,0,355,-117.0,,-46.60824840351687,1.7118268013000488,,1.5,
Double DQN,double_dqn,0,356,-121.0,,-42.875942589806726,1.5308341979980469,,1.5,
Double DQN,double_dqn,0,357,-114.0,,-51.06943409131921,1.5640788078308105,,1.5,
Double DQN,double_dqn,0,358,-153.0,,-42.43350494062746,1.7682533264160156,,1.5,
Double DQN,double_dqn,0,359,-132.0,,-43.32936814673861,1.6798053979873657,,1.5,
Double DQN,double_dqn,0,360,-133.0,-82.4,-49.94158265128065,1.6342804431915283,1.7600528001785278,1.5,
Double DQN,double_dqn,0,361,-270.0,,-32.12108394756528,1.510138988494873,,1.5,
Double DQN,double_dqn,0,362,-109.0,,-46.40145085074685,1.6232049465179443,,1.5,
Double DQN,double_dqn,0,363,-129.0,,-43.35419533069317,1.8117132186889648,,1.5,
Double DQN,double_dqn,0,364,-167.0,,-28.156931935676507,1.5151007175445557,,1.5,
Double DQN,double_dqn,0,365,-117.0,,-45.92692989414021,1.5719612836837769,,1.5,
Double DQN,double_dqn,0,366,-155.0,,-43.00457537403474,1.862060546875,,1.5,
Double DQN,double_dqn,0,367,-166.0,,-45.190991750020466,1.6761618852615356,,1.5,
Double DQN,double_dqn,0,368,-170.0,,-36.38679836263434,1.8840365409851074,,1.5,
Double DQN,double_dqn,0,369,-166.0,,-41.14979200948498,1.8393722772598267,,1.5,
Double DQN,double_dqn,0,370,-141.0,-500.0,-43.824418606892436,1.7227309942245483,-1.8981462001800538,1.5,
Double DQN,double_dqn,0,371,-111.0,,-49.169504506247385,1.573743462562561,,1.5,
Double DQN,double_dqn,0,372,-137.0,,-41.71410963673522,1.9018914699554443,,1.5,
Double DQN,double_dqn,0,373,-211.0,,-53.069446320803664,1.5688000917434692,,1.5,
Double DQN,double_dqn,0,374,-176.0,,-46.9160995725858,1.5717103481292725,,1.5,
Double DQN,double_dqn,0,375,-175.0,,-37.44582350281152,1.9866291284561157,,1.5,
Double DQN,double_dqn,0,376,-500.0,,-17.260955996781586,1.4159964323043823,,1.5,
Double DQN,double_dqn,0,377,-169.0,,-50.466242436801686,1.5138695240020752,,1.5,
Double DQN,double_dqn,0,378,-120.0,,-43.537728435737044,1.5916962623596191,,1.5,
Double DQN,double_dqn,0,379,-151.0,,-51.89849577452007,1.526824712753296,,1.5,
Double DQN,double_dqn,0,380,-195.0,-500.0,-41.96569462698333,1.8020875453948975,-1.8981462001800538,1.5,
Double DQN,double_dqn,0,381,-135.0,,-48.96953979660483,1.6930698156356812,,1.5,
Double DQN,double_dqn,0,382,-134.0,,-43.01007859618576,1.93954598903656,,1.5,
Double DQN,double_dqn,0,383,-151.0,,-36.89635417179058,1.5465261936187744,,1.5,
Double DQN,double_dqn,0,384,-122.0,,-42.1813019969599,1.7439208030700684,,1.5,
Double DQN,double_dqn,0,385,-114.0,,-49.200924533346424,1.5844523906707764,,1.5,
Double DQN,double_dqn,0,386,-128.0,,-46.021693872850996,1.6417176723480225,,1.5,
Double DQN,double_dqn,0,387,-142.0,,-40.9988505215078,1.8214224576950073,,1.5,
Double DQN,double_dqn,0,388,-500.0,,-22.792337591171265,0.1472262740135193,,1.5,
Double DQN,double_dqn,0,389,-145.0,,-37.424281510588244,1.9061561822891235,,1.5,
Double DQN,double_dqn,0,390,-146.0,-94.0,-43.27212710931999,1.904860019683838,1.7025869131088256,1.5,
Double DQN,double_dqn,0,391,-109.0,,-45.676506727392024,1.6285029649734497,,1.5,
Double DQN,double_dqn,0,392,-202.0,,-21.62563622129962,1.8844211101531982,,1.5,
Double DQN,double_dqn,0,393,-129.0,,-49.06896894895113,1.5033681392669678,,1.5,
Double DQN,double_dqn,0,394,-117.0,,-44.866707668466084,1.7440221309661865,,1.5,
Double DQN,double_dqn,0,395,-133.0,,-46.690133342547206,1.6420013904571533,,1.5,
Double DQN,double_dqn,0,396,-126.0,,-44.890201195487826,1.9253787994384766,,1.5,
Double DQN,double_dqn,0,397,-129.0,,-47.01126848734342,1.5267035961151123,,1.5,
Double DQN,double_dqn,0,398,-109.0,,-47.24592520106923,1.8801231384277344,,1.5,
Double DQN,double_dqn,0,399,-133.0,,-48.391240945502894,1.6487829685211182,,1.5,
Double DQN,double_dqn,0,400,-151.0,-101.4,-40.5070338013925,1.7013278007507324,1.7268884420394897,1.5,
Double DQN,double_dqn,0,401,-147.0,,-45.882656222259676,1.940648078918457,,1.5,
Double DQN,double_dqn,0,402,-121.0,,-48.527074641868715,1.5829932689666748,,1.5,
Double DQN,double_dqn,0,403,-153.0,,-36.24515912594733,1.8788907527923584,,1.5,
Double DQN,double_dqn,0,404,-146.0,,-43.92333828308144,1.5410720109939575,,1.5,
Double DQN,double_dqn,0,405,-136.0,,-51.314233807751734,1.526970386505127,,1.5,
Double DQN,double_dqn,0,406,-238.0,,-26.595284101978006,1.6368086338043213,,1.5,
Double DQN,double_dqn,0,407,-208.0,,-33.038383882439305,1.734246015548706,,1.5,
Double DQN,double_dqn,0,408,-121.0,,-45.64171386546776,1.7609496116638184,,1.5,
Double DQN,double_dqn,0,409,-150.0,,-48.078554538701546,1.6140364408493042,,1.5,
Double DQN,double_dqn,0,410,-113.0,-95.0,-49.79442420758699,1.5255869626998901,1.694570255279541,1.5,
Double DQN,double_dqn,0,411,-136.0,,-50.05300718850463,1.7026207447052002,,1.5,
Double DQN,double_dqn,0,412,-163.0,,-40.17679609303794,1.5278751850128174,,1.5,
Double DQN,double_dqn,0,413,-133.0,,-45.01542631636804,1.913949728012085,,1.5,
Double DQN,double_dqn,0,414,-139.0,,-43.80482362338475,1.6725995540618896,,1.5,
Double DQN,double_dqn,0,415,-144.0,,-42.468826101155116,1.662508249282837,,1.5,
Double DQN,double_dqn,0,416,-127.0,,-46.702866626903415,1.7997899055480957,,1.5,
Double DQN,double_dqn,0,417,-103.0,,-47.727189155725334,1.5430095195770264,,1.5,
Double DQN,double_dqn,0,418,-119.0,,-49.373062364260356,1.5452401638031006,,1.5,
Double DQN,double_dqn,0,419,-167.0,,-43.275112113782335,1.8622848987579346,,1.5,
Double DQN,double_dqn,0,420,-118.0,-267.8,-43.969617774506574,1.6787810325622559,0.1879101037979126,1.5,
Double DQN,double_dqn,0,421,-147.0,,-45.24014194591625,1.7812950611114502,,1.5,
Double DQN,double_dqn,0,422,-100.0,,-49.02729606628418,1.6574103832244873,,1.5,
Double DQN,double_dqn,0,423,-136.0,,-44.65790522751147,1.9159328937530518,,1.5,
Double DQN,double_dqn,0,424,-137.0,,-47.93548437477886,1.6829512119293213,,1.5,
Double DQN,double_dqn,0,425,-129.0,,-42.95484826839887,1.7885406017303467,,1.5,
Double DQN,double_dqn,0,426,-134.0,,-46.37417332684552,1.5070888996124268,,1.5,
Double DQN,double_dqn,0,427,-130.0,,-48.05582038273338,1.634258508682251,,1.5,
Double DQN,double_dqn,0,428,-160.0,,-37.2901943803574,1.734061360359192,,1.5,
Double DQN,double_dqn,0,429,-176.0,,-34.17689795354329,1.6964614391326904,,1.5,
Double DQN,double_dqn,0,430,-157.0,-93.2,-37.661921947440014,1.6233696937561035,1.6536513090133667,1.5,
Double DQN,double_dqn,0,431,-163.0,,-31.57499539961175,1.9384337663650513,,1.5,
Double DQN,double_dqn,0,432,-149.0,,-39.88299042065938,1.5832719802856445,,1.5,
Double DQN,double_dqn,0,433,-119.0,,-44.202212325731914,1.6768923997879028,,1.5,
Double DQN,double_dqn,0,434,-112.0,,-42.967900706603466,1.569788932800293,,1.5,
Double DQN,double_dqn,0,435,-132.0,,-38.262609817479785,1.6813459396362305,,1.5,
Double DQN,double_dqn,0,436,-116.0,,-46.21232592753875,1.5797333717346191,,1.5,
Double DQN,double_dqn,0,437,-145.0,,-45.489864815587865,1.5341222286224365,,1.5,
Double DQN,double_dqn,0,438,-124.0,,-38.889250833511355,1.6897566318511963,,1.5,
Double DQN,double_dqn,0,439,-359.0,,-20.44906858437591,1.794480800628662,,1.5,
Double DQN,double_dqn,0,440,-364.0,-92.8,-17.765505465252758,1.9930500984191895,1.6869675636291503,1.5,
Double DQN,double_dqn,0,441,-111.0,,-44.32082599401474,1.668393850326538,,1.5,
Double DQN,double_dqn,0,442,-139.0,,-42.43484202325344,1.809959888458252,,1.5,
Double DQN,double_dqn,0,443,-176.0,,-50.51640354846157,1.5373258590698242,,1.5,
Double DQN,double_dqn,0,444,-138.0,,-47.11781002634721,1.9789395332336426,,1.5,
Double DQN,double_dqn,0,445,-184.0,,-51.85169847849253,1.6498959064483643,,1.5,
Double DQN,double_dqn,0,446,-159.0,,-44.03607559278608,1.6858654022216797,,1.5,
Double DQN,double_dqn,0,447,-158.0,,-47.36120540709616,1.9561562538146973,,1.5,
Double DQN,double_dqn,0,448,-93.0,,-50.47732373501392,1.5572694540023804,,1.5,
Double DQN,double_dqn,0,449,-131.0,,-47.975275101083696,1.7526576519012451,,1.5,
Double DQN,double_dqn,0,450,-235.0,-500.0,-45.38925850391388,1.8236676454544067,-1.8981462001800538,1.5,
Double DQN,double_dqn,0,451,-139.0,,-49.81255023820059,1.9055705070495605,,1.5,
Double DQN,double_dqn,0,452,-141.0,,-39.076883732642926,1.5716297626495361,,1.5,
Double DQN,double_dqn,0,453,-121.0,,-49.835216389327755,1.734375,,1.5,
Double DQN,double_dqn,0,454,-124.0,,-46.96472571563721,1.6745657920837402,,1.5,
Double DQN,double_dqn,0,455,-122.0,,-41.336013644691405,1.8928520679473877,,1.5,
Double DQN,double_dqn,0,456,-108.0,,-52.30768341974381,1.513190746307373,,1.5,
Double DQN,double_dqn,0,457,-151.0,,-51.05105812926041,1.6649537086486816,,1.5,
Double DQN,double_dqn,0,458,-150.0,,-39.65192967021702,1.8344004154205322,,1.5,
Double DQN,double_dqn,0,459,-136.0,,-52.501066145235605,1.5166211128234863,,1.5,
Double DQN,double_dqn,0,460,-121.0,-500.0,-51.62599376772271,1.5297222137451172,-1.8981462001800538,1.5,
Double DQN,double_dqn,0,461,-138.0,,-49.720149801789425,1.6504342555999756,,1.5,
Double DQN,double_dqn,0,462,-199.0,,-34.14009426265955,1.6841613054275513,,1.5,
Double DQN,double_dqn,0,463,-122.0,,-47.10002021188659,1.7550740242004395,,1.5,
Double DQN,double_dqn,0,464,-123.0,,-44.97562594423371,1.730900526046753,,1.5,
Double DQN,double_dqn,0,465,-135.0,,-39.31615873141324,1.7897834777832031,,1.5,
Double DQN,double_dqn,0,466,-156.0,,-35.948570764748155,1.5513972043991089,,1.5,
Double DQN,double_dqn,0,467,-107.0,,-45.78828470795243,1.6376256942749023,,1.5,
Double DQN,double_dqn,0,468,-87.0,,-49.18513883243907,1.515082836151123,,1.5,
Double DQN,double_dqn,0,469,-138.0,,-40.239889131604336,1.929090142250061,,1.5,
Double DQN,double_dqn,0,470,-132.0,-105.0,-40.485309986019494,1.5693049430847168,1.6969513416290283,1.5,
Double DQN,double_dqn,0,471,-99.0,,-49.16840515136719,1.7058523893356323,,1.5,
Double DQN,double_dqn,0,472,-99.0,,-50.01906234741211,1.7253069877624512,,1.5,
Double DQN,double_dqn,0,473,-151.0,,-44.96887689515164,1.5203428268432617,,1.5,
Double DQN,double_dqn,0,474,-128.0,,-40.00407762675322,1.6087019443511963,,1.5,
Double DQN,double_dqn,0,475,-150.0,,-41.555391434802125,1.6801669597625732,,1.5,
Double DQN,double_dqn,0,476,-133.0,,-43.34860527248525,1.860992193222046,,1.5,
Double DQN,double_dqn,0,477,-121.0,,-50.34268537896578,1.5608460903167725,,1.5,
Double DQN,double_dqn,0,478,-104.0,,-47.171589342753094,1.8466386795043945,,1.5,
Double DQN,double_dqn,0,479,-130.0,,-41.23413507810986,1.6733777523040771,,1.5,
Double DQN,double_dqn,0,480,-136.0,-83.8,-36.39604085901358,1.7430915832519531,1.6311095476150512,1.5,
Double DQN,double_dqn,0,481,-119.0,,-42.25957006613414,1.5789483785629272,,1.5,
Double DQN,double_dqn,0,482,-97.0,,-49.870389802115305,1.6120572090148926,,1.5,
Double DQN,double_dqn,0,483,-133.0,,-48.137526900021,1.6391496658325195,,1.5,
Double DQN,double_dqn,0,484,-121.0,,-48.1602198413161,1.5754101276397705,,1.5,
Double DQN,double_dqn,0,485,-145.0,,-44.0622565599337,1.5873355865478516,,1.5,
Double DQN,double_dqn,0,486,-275.0,,-31.01246098159016,1.7944185733795166,,1.5,
Double DQN,double_dqn,0,487,-147.0,,-42.6438701412565,1.9329252243041992,,1.5,
Double DQN,double_dqn,0,488,-114.0,,-53.3032681506613,1.513578176498413,,1.5,
Double DQN,double_dqn,0,489,-143.0,,-41.91080929049187,1.994525671005249,,1.5,
Double DQN,double_dqn,0,490,-126.0,-422.4,-42.95202585468142,1.6068962812423706,-1.1778894186019897,1.5,
Double DQN,double_dqn,0,491,-159.0,,-41.41272543016821,1.9148032665252686,,1.5,
Double DQN,double_dqn,0,492,-110.0,,-53.572943558564056,1.5916697978973389,,1.5,
Double DQN,double_dqn,0,493,-263.0,,-29.30363300882957,1.7363290786743164,,1.5,
Double DQN,double_dqn,0,494,-166.0,,-35.6955948077633,1.5241351127624512,,1.5,
Double DQN,double_dqn,0,495,-107.0,,-49.24528577592638,1.6696665287017822,,1.5,
Double DQN,double_dqn,0,496,-109.0,,-49.48443385037509,1.8679440021514893,,1.5,
Double DQN,double_dqn,0,497,-500.0,,-26.587945066452026,1.1355125904083252,,1.5,
Double DQN,double_dqn,0,498,-100.0,,-51.517710411902705,1.6179776191711426,,1.5,
Double DQN,double_dqn,0,499,-90.0,,-49.09691663888785,1.5387232303619385,,1.5,
Double DQN,double_dqn,0,500,-121.0,-90.8,-47.609793170553736,1.763555645942688,1.6393450498580933,1.5,
Mellowmax DQN,mellowmax,0,1,-500.0,,-0.7983955132365227,0.24432653188705444,,1.5,5.0
Mellowmax DQN,mellowmax,0,2,-500.0,,-0.9740470510721206,-0.7859523296356201,,1.5,5.0
Mellowmax DQN,mellowmax,0,3,-500.0,,-1.9437210428714753,-0.9191272258758545,,1.5,5.0
Mellowmax DQN,mellowmax,0,4,-500.0,,-1.9089156806468963,1.079614281654358,,1.5,5.0
Mellowmax DQN,mellowmax,0,5,-500.0,,-2.9435846991539,-1.3587374687194824,,1.5,5.0
Mellowmax DQN,mellowmax,0,6,-500.0,,-2.9463670768737793,0.4067472815513611,,1.5,5.0
Mellowmax DQN,mellowmax,0,7,-500.0,,-3.8964707889556887,-0.8847304582595825,,1.5,5.0
Mellowmax DQN,mellowmax,0,8,-500.0,,-3.9063779993057253,-1.3178164958953857,,1.5,5.0
Mellowmax DQN,mellowmax,0,9,-500.0,,-4.8558408942222595,0.04473769664764404,,1.5,5.0
Mellowmax DQN,mellowmax,0,10,-500.0,-500.0,-4.859130517959595,0.4194289445877075,-1.8981462001800538,1.5,5.0
Mellowmax DQN,mellowmax,0,11,-500.0,,-5.806505805015564,-0.6930394172668457,,1.5,5.0
Mellowmax DQN,mellowmax,0,12,-500.0,,-5.781286961555481,-0.23440492153167725,,1.5,5.0
Mellowmax DQN,mellowmax,0,13,-500.0,,-6.772900046348572,-1.2612602710723877,,1.5,5.0
Mellowmax DQN,mellowmax,0,14,-500.0,,-6.760142239570618,-0.9205198287963867,,1.5,5.0
Mellowmax DQN,mellowmax,0,15,-500.0,,-7.691047716140747,-1.055699348449707,,1.5,5.0
Mellowmax DQN,mellowmax,0,16,-500.0,,-7.6891511421203615,-0.5825220346450806,,1.5,5.0
Mellowmax DQN,mellowmax,0,17,-500.0,,-8.568781227111817,-0.3149062395095825,,1.5,5.0
Mellowmax DQN,mellowmax,0,18,-500.0,,-8.58383437347412,-0.47662270069122314,,1.5,5.0
Mellowmax DQN,mellowmax,0,19,-500.0,,-9.467397691726685,0.3240165114402771,,1.5,5.0
Mellowmax DQN,mellowmax,0,20,-500.0,-500.0,-9.497780004501342,-0.5536421537399292,-1.9954600572586059,1.5,5.0
Mellowmax DQN,mellowmax,0,21,-500.0,,-10.409095008850098,-1.0808203220367432,,1.5,5.0
Mellowmax DQN,mellowmax,0,22,-500.0,,-10.35440220451355,0.4218100905418396,,1.5,5.0
Mellowmax DQN,mellowmax,0,23,-500.0,,-11.208757600784303,0.04699386656284332,,1.5,5.0
Mellowmax DQN,mellowmax,0,24,-500.0,,-11.304504224777222,-1.4948651790618896,,1.5,5.0
Mellowmax DQN,mellowmax,0,25,-500.0,,-12.191511095046996,-1.6311322450637817,,1.5,5.0
Mellowmax DQN,mellowmax,0,26,-500.0,,-12.019681247711182,0.22700729966163635,,1.5,5.0
Mellowmax DQN,mellowmax,0,27,-500.0,,-13.063536901473999,-1.1988087892532349,,1.5,5.0
Mellowmax DQN,mellowmax,0,28,-500.0,,-13.030165422439575,-0.5780717134475708,,1.5,5.0
Mellowmax DQN,mellowmax,0,29,-500.0,,-13.402244924545288,1.2155669927597046,,1.5,5.0
Mellowmax DQN,mellowmax,0,30,-500.0,-500.0,-13.680537931442261,0.4784333407878876,-1.9954600572586059,1.5,5.0
Mellowmax DQN,mellowmax,0,31,-500.0,,-14.82339221382141,-0.8079977035522461,,1.5,5.0
Mellowmax DQN,mellowmax,0,32,-500.0,,-14.823739547729492,-0.7690361738204956,,1.5,5.0
Mellowmax DQN,mellowmax,0,33,-500.0,,-15.34078381729126,0.37919557094573975,,1.5,5.0
Mellowmax DQN,mellowmax,0,34,-500.0,,-15.642728908538817,0.010594964027404785,,1.5,5.0
Mellowmax DQN,mellowmax,0,35,-500.0,,-16.46966586303711,-1.528681755065918,,1.5,5.0
Mellowmax DQN,mellowmax,0,36,-500.0,,-16.42866290473938,-0.4506274461746216,,1.5,5.0
Mellowmax DQN,mellowmax,0,37,-500.0,,-17.268920543670653,-0.6320865154266357,,1.5,5.0
Mellowmax DQN,mellowmax,0,38,-500.0,,-16.81761947631836,-0.21281388401985168,,1.5,5.0
Mellowmax DQN,mellowmax,0,39,-500.0,,-18.072006282806395,-0.8192568421363831,,1.5,5.0
Mellowmax DQN,mellowmax,0,40,-500.0,-500.0,-18.084213470458984,-0.8083217144012451,-1.9954600572586059,1.5,5.0
Mellowmax DQN,mellowmax,0,41,-500.0,,-18.858478824615478,0.4465864300727844,,1.5,5.0
Mellowmax DQN,mellowmax,0,42,-500.0,,-18.849723922729492,-0.33323225378990173,,1.5,5.0
Mellowmax DQN,mellowmax,0,43,-500.0,,-19.59338775253296,0.9455072283744812,,1.5,5.0
Mellowmax DQN,mellowmax,0,44,-500.0,,-19.72072203826904,-0.9001201391220093,,1.5,5.0
Mellowmax DQN,mellowmax,0,45,-500.0,,-18.67643819594383,0.4116014838218689,,1.5,5.0
Mellowmax DQN,mellowmax,0,46,-500.0,,-20.580510356903076,-0.7676864862442017,,1.5,5.0
Mellowmax DQN,mellowmax,0,47,-331.0,,-19.612175263554217,1.6496877670288086,,1.5,5.0
Mellowmax DQN,mellowmax,0,48,-500.0,,-21.392661697387695,-0.9079582691192627,,1.5,5.0
Mellowmax DQN,mellowmax,0,49,-500.0,,-21.89728754425049,-0.9257127046585083,,1.5,5.0
Mellowmax DQN,mellowmax,0,50,-500.0,-500.0,-22.17226634979248,-0.9849426746368408,-1.9954600572586059,1.5,5.0
Mellowmax DQN,mellowmax,0,51,-500.0,,-22.46168655395508,0.5727339386940002,,1.5,5.0
Mellowmax DQN,mellowmax,0,52,-500.0,,-22.89967295074463,-0.32158297300338745,,1.5,5.0
Mellowmax DQN,mellowmax,0,53,-500.0,,-23.10692837905884,0.8939542174339294,,1.5,5.0
Mellowmax DQN,mellowmax,0,54,-500.0,,-23.058126251220703,1.089263916015625,,1.5,5.0
Mellowmax DQN,mellowmax,0,55,-500.0,,-24.15476890563965,0.039820730686187744,,1.5,5.0
Mellowmax DQN,mellowmax,0,56,-500.0,,-24.46080457687378,-0.5063613653182983,,1.5,5.0
Mellowmax DQN,mellowmax,0,57,-389.0,,-22.404612639011482,1.676848292350769,,1.5,5.0
Mellowmax DQN,mellowmax,0,58,-500.0,,-23.781149213790894,0.3364154100418091,,1.5,5.0
Mellowmax DQN,mellowmax,0,59,-500.0,,-25.16052335739136,0.6927574276924133,,1.5,5.0
Mellowmax DQN,mellowmax,0,60,-436.0,-500.0,-22.604280401421903,1.7550227642059326,-1.1290634989738464,1.5,5.0
Mellowmax DQN,mellowmax,0,61,-500.0,,-26.144418758392334,-0.11279147863388062,,1.5,5.0
Mellowmax DQN,mellowmax,0,62,-500.0,,-26.675369762420654,-0.43848127126693726,,1.5,5.0
Mellowmax DQN,mellowmax,0,63,-500.0,,-26.897749855041504,-0.6125920414924622,,1.5,5.0
Mellowmax DQN,mellowmax,0,64,-500.0,,-27.429744773864748,-0.7719577550888062,,1.5,5.0
Mellowmax DQN,mellowmax,0,65,-314.0,,-24.826397935170977,1.5210615396499634,,1.5,5.0
Mellowmax DQN,mellowmax,0,66,-447.0,,-26.871479196207865,1.5389310121536255,,1.5,5.0
Mellowmax DQN,mellowmax,0,67,-500.0,,-27.037698657989502,1.0816991329193115,,1.5,5.0
Mellowmax DQN,mellowmax,0,68,-500.0,,-27.969295444488527,-0.12847638130187988,,1.5,5.0
Mellowmax DQN,mellowmax,0,69,-500.0,,-27.602935817718507,0.9571609497070312,,1.5,5.0
Mellowmax DQN,mellowmax,0,70,-426.0,-500.0,-26.457357957714894,1.6585439443588257,-1.8981462001800538,1.5,5.0
Mellowmax DQN,mellowmax,0,71,-398.0,,-25.330575000074575,1.9858901500701904,,1.5,5.0
Mellowmax DQN,mellowmax,0,72,-475.0,,-26.1842886304655,1.54719877243042,,1.5,5.0
Mellowmax DQN,mellowmax,0,73,-500.0,,-30.35441344833374,-1.2145137786865234,,1.5,5.0
Mellowmax DQN,mellowmax,0,74,-500.0,,-30.635527687072752,-0.6881005167961121,,1.5,5.0
Mellowmax DQN,mellowmax,0,75,-447.0,,-29.323608185563767,1.5271316766738892,,1.5,5.0
Mellowmax DQN,mellowmax,0,76,-500.0,,-31.294869777679445,-1.4674444198608398,,1.5,5.0
Mellowmax DQN,mellowmax,0,77,-500.0,,-29.727680755615236,0.21767371892929077,,1.5,5.0
Mellowmax DQN,mellowmax,0,78,-270.0,,-27.870355972504704,1.7755537033081055,,1.5,5.0
Mellowmax DQN,mellowmax,0,79,-500.0,,-31.94350186920166,0.43820613622665405,,1.5,5.0
Mellowmax DQN,mellowmax,0,80,-366.0,-500.0,-30.457230006641524,1.5791609287261963,-1.8981462001800538,1.5,5.0
Mellowmax DQN,mellowmax,0,81,-459.0,,-28.57036815311598,1.6889464855194092,,1.5,5.0
Mellowmax DQN,mellowmax,0,82,-333.0,,-26.596162719105532,1.674891710281372,,1.5,5.0
Mellowmax DQN,mellowmax,0,83,-500.0,,-32.66353955841065,0.9218493700027466,,1.5,5.0
Mellowmax DQN,mellowmax,0,84,-460.0,,-31.106405098888207,1.762954831123352,,1.5,5.0
Mellowmax DQN,mellowmax,0,85,-299.0,,-30.27606055577596,1.537481665611267,,1.5,5.0
Mellowmax DQN,mellowmax,0,86,-500.0,,-34.2529644241333,0.024099528789520264,,1.5,5.0
Mellowmax DQN,mellowmax,0,87,-500.0,,-34.01699678421021,0.3800935745239258,,1.5,5.0
Mellowmax DQN,mellowmax,0,88,-372.0,,-31.28617525100708,1.6275267601013184,,1.5,5.0
Mellowmax DQN,mellowmax,0,89,-307.0,,-31.630560237091856,1.7533774375915527,,1.5,5.0
Mellowmax DQN,mellowmax,0,90,-423.0,-500.0,-33.07718957595105,1.6007513999938965,-1.874996256828308,1.5,5.0
Mellowmax DQN,mellowmax,0,91,-466.0,,-31.330627554744417,1.8603739738464355,,1.5,5.0
Mellowmax DQN,mellowmax,0,92,-500.0,,-33.70417600059509,0.8682122230529785,,1.5,5.0
Mellowmax DQN,mellowmax,0,93,-500.0,,-34.60695583724976,1.3075459003448486,,1.5,5.0
Mellowmax DQN,mellowmax,0,94,-393.0,,-31.8809718504775,1.5369806289672852,,1.5,5.0
Mellowmax DQN,mellowmax,0,95,-500.0,,-36.20281233215332,0.2583470344543457,,1.5,5.0
Mellowmax DQN,mellowmax,0,96,-448.0,,-35.189464055084706,1.611424207687378,,1.5,5.0
Mellowmax DQN,mellowmax,0,97,-410.0,,-31.128918575834472,1.6806581020355225,,1.5,5.0
Mellowmax DQN,mellowmax,0,98,-399.0,,-32.705707764029505,1.508359432220459,,1.5,5.0
Mellowmax DQN,mellowmax,0,99,-426.0,,-34.08069309473596,1.87251877784729,,1.5,5.0
Mellowmax DQN,mellowmax,0,100,-500.0,-92.6,-34.453082653045655,1.1023051738739014,1.6669966220855712,1.5,5.0
Mellowmax DQN,mellowmax,0,101,-383.0,,-31.41076924900214,1.6370208263397217,,1.5,5.0
Mellowmax DQN,mellowmax,0,102,-372.0,,-33.39992989739528,1.5187244415283203,,1.5,5.0
Mellowmax DQN,mellowmax,0,103,-202.0,,-34.83979144354759,1.500927209854126,,1.5,5.0
Mellowmax DQN,mellowmax,0,104,-268.0,,-35.907012648742,1.5666930675506592,,1.5,5.0
Mellowmax DQN,mellowmax,0,105,-306.0,,-32.64649629748217,1.7444103956222534,,1.5,5.0
Mellowmax DQN,mellowmax,0,106,-326.0,,-31.796108336259103,1.6589248180389404,,1.5,5.0
Mellowmax DQN,mellowmax,0,107,-384.0,,-32.37761889371005,1.55838942527771,,1.5,5.0
Mellowmax DQN,mellowmax,0,108,-338.0,,-32.32507760405189,1.7519702911376953,,1.5,5.0
Mellowmax DQN,mellowmax,0,109,-439.0,,-36.54103393988176,1.6972424983978271,,1.5,5.0
Mellowmax DQN,mellowmax,0,110,-500.0,-500.0,-38.059946907043454,1.2962837219238281,-1.8981462001800538,1.5,5.0
Mellowmax DQN,mellowmax,0,111,-434.0,,-38.72761370340983,1.5649218559265137,,1.5,5.0
Mellowmax DQN,mellowmax,0,112,-307.0,,-38.98895078510433,1.5077286958694458,,1.5,5.0
Mellowmax DQN,mellowmax,0,113,-393.0,,-33.19588257697633,1.710883617401123,,1.5,5.0
Mellowmax DQN,mellowmax,0,114,-500.0,,-39.24310167312622,1.317535161972046,,1.5,5.0
Mellowmax DQN,mellowmax,0,115,-459.0,,-32.87775646810946,1.6881853342056274,,1.5,5.0
Mellowmax DQN,mellowmax,0,116,-347.0,,-22.601230770178226,1.6583647727966309,,1.5,5.0
Mellowmax DQN,mellowmax,0,117,-500.0,,-38.79740240478515,1.3843543529510498,,1.5,5.0
Mellowmax DQN,mellowmax,0,118,-365.0,,-38.70465229638938,1.521968126296997,,1.5,5.0
Mellowmax DQN,mellowmax,0,119,-500.0,,-38.53845693874359,0.8959610462188721,,1.5,5.0
Mellowmax DQN,mellowmax,0,120,-212.0,-135.8,-37.600469266864614,1.5003504753112793,1.6925938844680786,1.5,5.0
Mellowmax DQN,mellowmax,0,121,-500.0,,-37.514346256256104,1.1123663187026978,,1.5,5.0
Mellowmax DQN,mellowmax,0,122,-396.0,,-31.424356564166263,1.569927453994751,,1.5,5.0
Mellowmax DQN,mellowmax,0,123,-414.0,,-36.01581096268562,1.684203028678894,,1.5,5.0
Mellowmax DQN,mellowmax,0,124,-439.0,,-38.2278332233429,1.7468147277832031,,1.5,5.0
Mellowmax DQN,mellowmax,0,125,-315.0,,-37.91283624081672,1.8286261558532715,,1.5,5.0
Mellowmax DQN,mellowmax,0,126,-297.0,,-37.32268295032066,1.7757048606872559,,1.5,5.0
Mellowmax DQN,mellowmax,0,127,-456.0,,-40.79170190740206,1.5422956943511963,,1.5,5.0
Mellowmax DQN,mellowmax,0,128,-352.0,,-39.314618059325824,1.5971413850784302,,1.5,5.0
Mellowmax DQN,mellowmax,0,129,-359.0,,-34.191807422538595,1.5956963300704956,,1.5,5.0
Mellowmax DQN,mellowmax,0,130,-261.0,-500.0,-36.380382670701,1.5642714500427246,-1.8981462001800538,1.5,5.0
Mellowmax DQN,mellowmax,0,131,-389.0,,-33.73402877801504,1.7917723655700684,,1.5,5.0
Mellowmax DQN,mellowmax,0,132,-308.0,,-34.29654640267968,1.7165813446044922,,1.5,5.0
Mellowmax DQN,mellowmax,0,133,-183.0,,-40.18251621204874,1.5096158981323242,,1.5,5.0
Mellowmax DQN,mellowmax,0,134,-444.0,,-34.721558775727665,1.6149423122406006,,1.5,5.0
Mellowmax DQN,mellowmax,0,135,-298.0,,-38.16099149566829,1.5466220378875732,,1.5,5.0
Mellowmax DQN,mellowmax,0,136,-233.0,,-41.31121271899623,1.808319091796875,,1.5,5.0
Mellowmax DQN,mellowmax,0,137,-371.0,,-38.661498596591336,1.5231719017028809,,1.5,5.0
Mellowmax DQN,mellowmax,0,138,-224.0,,-37.89034236484104,1.901814579963684,,1.5,5.0
Mellowmax DQN,mellowmax,0,139,-250.0,,-39.02135675361907,1.64131760597229,,1.5,5.0
Mellowmax DQN,mellowmax,0,140,-238.0,-500.0,-38.97347457438832,1.6528352499008179,-1.8981462001800538,1.5,5.0
Mellowmax DQN,mellowmax,0,141,-259.0,,-39.79942207703223,1.5338234901428223,,1.5,5.0
Mellowmax DQN,mellowmax,0,142,-327.0,,-41.370628554646565,1.6014281511306763,,1.5,5.0
Mellowmax DQN,mellowmax,0,143,-435.0,,-33.64433078235442,1.999657392501831,,1.5,5.0
Mellowmax DQN,mellowmax,0,144,-367.0,,-38.50226240151602,1.53806471824646,,1.5,5.0
Mellowmax DQN,mellowmax,0,145,-500.0,,-23.618166705071925,0.2073461413383484,,1.5,5.0
Mellowmax DQN,mellowmax,0,146,-500.0,,-26.39496214014292,1.3647117614746094,,1.5,5.0
Mellowmax DQN,mellowmax,0,147,-427.0,,-41.33199801846085,1.6698272228240967,,1.5,5.0
Mellowmax DQN,mellowmax,0,148,-291.0,,-43.81777402146222,1.5242934226989746,,1.5,5.0
Mellowmax DQN,mellowmax,0,149,-330.0,,-43.03596837426961,1.8994005918502808,,1.5,5.0
Mellowmax DQN,mellowmax,0,150,-391.0,-500.0,-34.01942030226394,1.5826871395111084,-1.9103537559509278,1.5,5.0
Mellowmax DQN,mellowmax,0,151,-238.0,,-44.756817119390895,1.5138059854507446,,1.5,5.0
Mellowmax DQN,mellowmax,0,152,-357.0,,-42.22808395692423,1.6613612174987793,,1.5,5.0
Mellowmax DQN,mellowmax,0,153,-318.0,,-41.63040768614383,1.6887691020965576,,1.5,5.0
Mellowmax DQN,mellowmax,0,154,-387.0,,-45.622257075973394,1.5356791019439697,,1.5,5.0
Mellowmax DQN,mellowmax,0,155,-328.0,,-42.51599889830615,1.6015069484710693,,1.5,5.0
Mellowmax DQN,mellowmax,0,156,-429.0,,-43.211754838810414,1.5796973705291748,,1.5,5.0
Mellowmax DQN,mellowmax,0,157,-243.0,,-26.953154557308213,1.5476510524749756,,1.5,5.0
Mellowmax DQN,mellowmax,0,158,-341.0,,-41.175673627016835,1.597360372543335,,1.5,5.0
Mellowmax DQN,mellowmax,0,159,-411.0,,-42.56107670647427,1.8539085388183594,,1.5,5.0
Mellowmax DQN,mellowmax,0,160,-313.0,-500.0,-43.38004188249066,1.5708574056625366,-1.9103537559509278,1.5,5.0
Mellowmax DQN,mellowmax,0,161,-421.0,,-46.79397341199396,1.5099432468414307,,1.5,5.0
Mellowmax DQN,mellowmax,0,162,-333.0,,-37.7765192103957,1.5798132419586182,,1.5,5.0
Mellowmax DQN,mellowmax,0,163,-244.0,,-43.69143492251026,1.741895079612732,,1.5,5.0
Mellowmax DQN,mellowmax,0,164,-279.0,,-47.892929451806204,1.628502368927002,,1.5,5.0
Mellowmax DQN,mellowmax,0,165,-410.0,,-27.176076292846616,1.840026617050171,,1.5,5.0
Mellowmax DQN,mellowmax,0,166,-276.0,,-45.454651753394614,1.6882598400115967,,1.5,5.0
Mellowmax DQN,mellowmax,0,167,-291.0,,-44.1227131053193,1.6734490394592285,,1.5,5.0
Mellowmax DQN,mellowmax,0,168,-243.0,,-47.205830159734504,1.5318503379821777,,1.5,5.0
Mellowmax DQN,mellowmax,0,169,-327.0,,-36.41328523680568,1.507495403289795,,1.5,5.0
Mellowmax DQN,mellowmax,0,170,-210.0,-500.0,-41.537132407816664,1.9050880670547485,-1.8981462001800538,1.5,5.0
Mellowmax DQN,mellowmax,0,171,-324.0,,-37.35854607242804,1.5005214214324951,,1.5,5.0
Mellowmax DQN,mellowmax,0,172,-243.0,,-44.50979861275094,1.677502989768982,,1.5,5.0
Mellowmax DQN,mellowmax,0,173,-257.0,,-43.06532240283582,1.6059019565582275,,1.5,5.0
Mellowmax DQN,mellowmax,0,174,-184.0,,-46.69289945653967,1.5140960216522217,,1.5,5.0
Mellowmax DQN,mellowmax,0,175,-226.0,,-45.24457878583328,1.7140552997589111,,1.5,5.0
Mellowmax DQN,mellowmax,0,176,-295.0,,-45.240822147678685,1.5684919357299805,,1.5,5.0
Mellowmax DQN,mellowmax,0,177,-404.0,,-45.758330258028,1.5091640949249268,,1.5,5.0
Mellowmax DQN,mellowmax,0,178,-283.0,,-36.67547512453207,1.6584608554840088,,1.5,5.0
Mellowmax DQN,mellowmax,0,179,-201.0,,-46.81315919668368,1.5504560470581055,,1.5,5.0
Mellowmax DQN,mellowmax,0,180,-256.0,-439.4,-41.94732451380923,1.7967817783355713,-1.21572265625,1.5,5.0
Mellowmax DQN,mellowmax,0,181,-237.0,,-42.46492518697466,1.553436040878296,,1.5,5.0
Mellowmax DQN,mellowmax,0,182,-279.0,,-42.473009838376726,1.5574121475219727,,1.5,5.0
Mellowmax DQN,mellowmax,0,183,-338.0,,-45.53606848449482,1.7350966930389404,,1.5,5.0
Mellowmax DQN,mellowmax,0,184,-199.0,,-44.689886837005616,1.8187313079833984,,1.5,5.0
Mellowmax DQN,mellowmax,0,185,-178.0,,-44.24472105569679,1.6991379261016846,,1.5,5.0
Mellowmax DQN,mellowmax,0,186,-214.0,,-45.46483820538188,1.5225584506988525,,1.5,5.0
Mellowmax DQN,mellowmax,0,187,-180.0,,-41.9042212554763,1.6222810745239258,,1.5,5.0
Mellowmax DQN,mellowmax,0,188,-202.0,,-43.87073575099701,1.5431978702545166,,1.5,5.0
Mellowmax DQN,mellowmax,0,189,-231.0,,-42.74365393046675,1.513904333114624,,1.5,5.0
Mellowmax DQN,mellowmax,0,190,-232.0,-500.0,-38.201469114921636,1.8289576768875122,-1.8981462001800538,1.5,5.0
Mellowmax DQN,mellowmax,0,191,-244.0,,-39.42144052860688,1.5780863761901855,,1.5,5.0
Mellowmax DQN,mellowmax,0,192,-258.0,,-41.21733398879357,1.7701246738433838,,1.5,5.0
Mellowmax DQN,mellowmax,0,193,-292.0,,-40.271091640199,1.7336139678955078,,1.5,5.0
Mellowmax DQN,mellowmax,0,194,-200.0,,-41.707632190552516,1.9821224212646484,,1.5,5.0
Mellowmax DQN,mellowmax,0,195,-166.0,,-44.069272229771414,1.628909707069397,,1.5,5.0
Mellowmax DQN,mellowmax,0,196,-227.0,,-43.816304746427036,1.6538758277893066,,1.5,5.0
Mellowmax DQN,mellowmax,0,197,-189.0,,-47.52659565775018,1.767591118812561,,1.5,5.0
Mellowmax DQN,mellowmax,0,198,-243.0,,-43.63100287171661,1.5074512958526611,,1.5,5.0
Mellowmax DQN,mellowmax,0,199,-175.0,,-43.356195796619765,1.6814918518066406,,1.5,5.0
Mellowmax DQN,mellowmax,0,200,-225.0,-500.0,-39.78526271167582,1.797515869140625,-1.9103537559509278,1.5,5.0
Mellowmax DQN,mellowmax,0,201,-210.0,,-41.966570061529985,1.678007960319519,,1.5,5.0
Mellowmax DQN,mellowmax,0,202,-187.0,,-44.635365161489936,1.5782055854797363,,1.5,5.0
Mellowmax DQN,mellowmax,0,203,-202.0,,-33.75636293911582,1.944666862487793,,1.5,5.0
Mellowmax DQN,mellowmax,0,204,-139.0,,-48.12412075315203,1.5226448774337769,,1.5,5.0
Mellowmax DQN,mellowmax,0,205,-170.0,,-46.20246230231391,1.6119683980941772,,1.5,5.0
Mellowmax DQN,mellowmax,0,206,-230.0,,-45.88736107235863,1.5017515420913696,,1.5,5.0
Mellowmax DQN,mellowmax,0,207,-278.0,,-34.34679040024358,1.7844388484954834,,1.5,5.0
Mellowmax DQN,mellowmax,0,208,-192.0,,-48.774776735454026,1.6401704549789429,,1.5,5.0
Mellowmax DQN,mellowmax,0,209,-500.0,,-27.62074265885353,0.8339686989784241,,1.5,5.0
Mellowmax DQN,mellowmax,0,210,-174.0,-500.0,-45.83423013414655,1.5103602409362793,-1.9954600572586059,1.5,5.0
Mellowmax DQN,mellowmax,0,211,-260.0,,-38.18357518886241,1.841813564300537,,1.5,5.0
Mellowmax DQN,mellowmax,0,212,-289.0,,-35.51059291804659,1.5954418182373047,,1.5,5.0
Mellowmax DQN,mellowmax,0,213,-213.0,,-43.62217885757161,1.719477891921997,,1.5,5.0
Mellowmax DQN,mellowmax,0,214,-245.0,,-45.82104164604249,1.6843839883804321,,1.5,5.0
Mellowmax DQN,mellowmax,0,215,-142.0,,-47.184903418267524,1.682087779045105,,1.5,5.0
Mellowmax DQN,mellowmax,0,216,-213.0,,-44.44335954434404,1.5029702186584473,,1.5,5.0
Mellowmax DQN,mellowmax,0,217,-285.0,,-42.30726512162002,1.881326675415039,,1.5,5.0
Mellowmax DQN,mellowmax,0,218,-233.0,,-47.545704417758515,1.5746746063232422,,1.5,5.0
Mellowmax DQN,mellowmax,0,219,-173.0,,-39.10141245609727,1.6058653593063354,,1.5,5.0
Mellowmax DQN,mellowmax,0,220,-153.0,-89.4,-48.42999782809964,1.5471422672271729,1.6812459707260132,1.5,5.0
Mellowmax DQN,mellowmax,0,221,-184.0,,-38.1655971668862,1.5405189990997314,,1.5,5.0
Mellowmax DQN,mellowmax,0,222,-323.0,,-47.02818404634794,1.792203426361084,,1.5,5.0
Mellowmax DQN,mellowmax,0,223,-201.0,,-31.983331136921844,1.5138520002365112,,1.5,5.0
Mellowmax DQN,mellowmax,0,224,-253.0,,-44.847983833373064,1.508540153503418,,1.5,5.0
Mellowmax DQN,mellowmax,0,225,-376.0,,-43.538920637783384,1.6515045166015625,,1.5,5.0
Mellowmax DQN,mellowmax,0,226,-186.0,,-42.84430283531148,1.7535938024520874,,1.5,5.0
Mellowmax DQN,mellowmax,0,227,-264.0,,-41.9615095208276,1.551336646080017,,1.5,5.0
Mellowmax DQN,mellowmax,0,228,-191.0,,-46.33103634913763,1.5622494220733643,,1.5,5.0
Mellowmax DQN,mellowmax,0,229,-159.0,,-50.22736322879791,1.6627837419509888,,1.5,5.0
Mellowmax DQN,mellowmax,0,230,-181.0,-500.0,-45.58609707800897,1.653698205947876,-1.9954600572586059,1.5,5.0
Mellowmax DQN,mellowmax,0,231,-145.0,,-47.87847018568483,1.6673479080200195,,1.5,5.0
Mellowmax DQN,mellowmax,0,232,-218.0,,-46.62041731294432,1.8753180503845215,,1.5,5.0
Mellowmax DQN,mellowmax,0,233,-233.0,,-46.2300094518906,1.8457192182540894,,1.5,5.0
Mellowmax DQN,mellowmax,0,234,-169.0,,-49.27705851162181,1.5700348615646362,,1.5,5.0
Mellowmax DQN,mellowmax,0,235,-161.0,,-45.12006925653528,1.5340604782104492,,1.5,5.0
Mellowmax DQN,mellowmax,0,236,-171.0,,-48.361695622288906,1.6406476497650146,,1.5,5.0
Mellowmax DQN,mellowmax,0,237,-217.0,,-47.05915873641268,1.7184946537017822,,1.5,5.0
Mellowmax DQN,mellowmax,0,238,-177.0,,-48.650650240062326,1.7810466289520264,,1.5,5.0
Mellowmax DQN,mellowmax,0,239,-198.0,,-46.80493175084867,1.6586992740631104,,1.5,5.0
Mellowmax DQN,mellowmax,0,240,-307.0,-500.0,-25.803600150269347,1.619458556175232,-1.8981462001800538,1.5,5.0
Mellowmax DQN,mellowmax,0,241,-187.0,,-46.56276786580999,1.5019307136535645,,1.5,5.0
Mellowmax DQN,mellowmax,0,242,-149.0,,-51.54072933197021,1.6915473937988281,,1.5,5.0
Mellowmax DQN,mellowmax,0,243,-167.0,,-50.521467833291915,1.5232431888580322,,1.5,5.0
Mellowmax DQN,mellowmax,0,244,-169.0,,-46.218474379707786,1.842491865158081,,1.5,5.0
Mellowmax DQN,mellowmax,0,245,-211.0,,-45.15343481414723,1.68864107131958,,1.5,5.0
Mellowmax DQN,mellowmax,0,246,-173.0,,-45.60838913986053,1.8083246946334839,,1.5,5.0
Mellowmax DQN,mellowmax,0,247,-257.0,,-48.749923768893694,1.6095061302185059,,1.5,5.0
Mellowmax DQN,mellowmax,0,248,-199.0,,-45.36043044090271,1.5905520915985107,,1.5,5.0
Mellowmax DQN,mellowmax,0,249,-219.0,,-42.38988359191201,1.7571580410003662,,1.5,5.0
Mellowmax DQN,mellowmax,0,250,-249.0,-101.4,-39.28158204960823,1.8904659748077393,1.7607626438140869,1.5,5.0
Mellowmax DQN,mellowmax,0,251,-208.0,,-43.39549833222439,1.5389108657836914,,1.5,5.0
Mellowmax DQN,mellowmax,0,252,-186.0,,-46.128885896448146,1.7648814916610718,,1.5,5.0
Mellowmax DQN,mellowmax,0,253,-165.0,,-43.355948626276955,1.6013083457946777,,1.5,5.0
Mellowmax DQN,mellowmax,0,254,-212.0,,-48.2739669101339,1.5674448013305664,,1.5,5.0
Mellowmax DQN,mellowmax,0,255,-162.0,,-50.17809900623158,1.7245556116104126,,1.5,5.0
Mellowmax DQN,mellowmax,0,256,-155.0,,-50.15660514587011,1.6826133728027344,,1.5,5.0
Mellowmax DQN,mellowmax,0,257,-135.0,,-51.29521096453947,1.6812665462493896,,1.5,5.0
Mellowmax DQN,mellowmax,0,258,-172.0,,-46.00083495013287,1.7962721586227417,,1.5,5.0
Mellowmax DQN,mellowmax,0,259,-300.0,,-23.318912410260833,1.6957311630249023,,1.5,5.0
Mellowmax DQN,mellowmax,0,260,-210.0,-190.4,-41.48220893048562,1.6165432929992676,0.9534961223602295,1.5,5.0
Mellowmax DQN,mellowmax,0,261,-171.0,,-43.37562094316926,1.789304256439209,,1.5,5.0
Mellowmax DQN,mellowmax,0,262,-195.0,,-44.64730507013749,1.567307949066162,,1.5,5.0
Mellowmax DQN,mellowmax,0,263,-198.0,,-44.97539350375458,1.8898115158081055,,1.5,5.0
Mellowmax DQN,mellowmax,0,264,-223.0,,-53.654629852090565,1.5355737209320068,,1.5,5.0
Mellowmax DQN,mellowmax,0,265,-280.0,,-29.742425610162186,1.7850205898284912,,1.5,5.0
Mellowmax DQN,mellowmax,0,266,-202.0,,-44.36748042335651,1.640876054763794,,1.5,5.0
Mellowmax DQN,mellowmax,0,267,-209.0,,-45.42627261025565,1.900412917137146,,1.5,5.0
Mellowmax DQN,mellowmax,0,268,-156.0,,-49.744110204611616,1.6416771411895752,,1.5,5.0
Mellowmax DQN,mellowmax,0,269,-166.0,,-49.26309097883944,1.6093647480010986,,1.5,5.0
Mellowmax DQN,mellowmax,0,270,-149.0,-180.8,-44.970605314970015,1.740608811378479,0.8912704229354859,1.5,5.0
Mellowmax DQN,mellowmax,0,271,-146.0,,-46.45859367669034,1.871062994003296,,1.5,5.0
Mellowmax DQN,mellowmax,0,272,-115.0,,-50.92245887887889,1.6290950775146484,,1.5,5.0
Mellowmax DQN,mellowmax,0,273,-174.0,,-46.82495401654925,1.5355803966522217,,1.5,5.0
Mellowmax DQN,mellowmax,0,274,-220.0,,-34.26734910723311,1.871460199356079,,1.5,5.0
Mellowmax DQN,mellowmax,0,275,-176.0,,-44.020263782328804,1.5513803958892822,,1.5,5.0
Mellowmax DQN,mellowmax,0,276,-156.0,,-47.14259047417124,1.925119400024414,,1.5,5.0
Mellowmax DQN,mellowmax,0,277,-186.0,,-47.45802679865118,1.5431556701660156,,1.5,5.0
Mellowmax DQN,mellowmax,0,278,-231.0,,-34.961573375196295,1.567559003829956,,1.5,5.0
Mellowmax DQN,mellowmax,0,279,-148.0,,-47.33452594680274,1.7624609470367432,,1.5,5.0
Mellowmax DQN,mellowmax,0,280,-175.0,-500.0,-47.299115592783146,1.5928622484207153,-1.8981462001800538,1.5,5.0
Mellowmax DQN,mellowmax,0,281,-500.0,,-24.527848946392535,1.3726861476898193,,1.5,5.0
Mellowmax DQN,mellowmax,0,282,-134.0,,-46.11151941087511,1.7296075820922852,,1.5,5.0
Mellowmax DQN,mellowmax,0,283,-159.0,,-43.35595512986183,1.8681190013885498,,1.5,5.0
Mellowmax DQN,mellowmax,0,284,-170.0,,-47.14759714561596,1.981149673461914,,1.5,5.0
Mellowmax DQN,mellowmax,0,285,-153.0,,-35.65383679371376,1.5006277561187744,,1.5,5.0
Mellowmax DQN,mellowmax,0,286,-147.0,,-46.77728850777085,1.7641208171844482,,1.5,5.0
Mellowmax DQN,mellowmax,0,287,-122.0,,-50.90325274893908,1.7131954431533813,,1.5,5.0
Mellowmax DQN,mellowmax,0,288,-229.0,,-32.72780235889165,1.632286548614502,,1.5,5.0
Mellowmax DQN,mellowmax,0,289,-172.0,,-45.25374083298479,1.8907620906829834,,1.5,5.0
Mellowmax DQN,mellowmax,0,290,-152.0,-178.6,-43.38686322542577,1.6513996124267578,1.4739694356918336,1.5,5.0
Mellowmax DQN,mellowmax,0,291,-196.0,,-28.28220400925215,1.9748454093933105,,1.5,5.0
Mellowmax DQN,mellowmax,0,292,-197.0,,-44.180571342959546,1.5250228643417358,,1.5,5.0
Mellowmax DQN,mellowmax,0,293,-224.0,,-42.85141774283515,1.5485434532165527,,1.5,5.0
Mellowmax DQN,mellowmax,0,294,-135.0,,-49.55859975253834,1.6788432598114014,,1.5,5.0
Mellowmax DQN,mellowmax,0,295,-157.0,,-40.61915384365034,1.5642799139022827,,1.5,5.0
Mellowmax DQN,mellowmax,0,296,-167.0,,-47.2564108258202,1.7567732334136963,,1.5,5.0
Mellowmax DQN,mellowmax,0,297,-112.0,,-52.44672755013525,1.549186110496521,,1.5,5.0
Mellowmax DQN,mellowmax,0,298,-145.0,,-49.56508742946468,1.5044559240341187,,1.5,5.0
Mellowmax DQN,mellowmax,0,299,-153.0,,-44.37082734200862,1.8711646795272827,,1.5,5.0
Mellowmax DQN,mellowmax,0,300,-163.0,-500.0,-44.16870916616626,1.6727410554885864,-1.9954600572586059,1.5,5.0
Mellowmax DQN,mellowmax,0,301,-224.0,,-40.244404551188154,1.8661856651306152,,1.5,5.0
Mellowmax DQN,mellowmax,0,302,-174.0,,-38.80389992850167,1.5967527627944946,,1.5,5.0
Mellowmax DQN,mellowmax,0,303,-169.0,,-46.46216020864599,1.5397510528564453,,1.5,5.0
Mellowmax DQN,mellowmax,0,304,-120.0,,-52.68553998647643,1.5033299922943115,,1.5,5.0
Mellowmax DQN,mellowmax,0,305,-137.0,,-50.49072564166525,1.7550466060638428,,1.5,5.0
Mellowmax DQN,mellowmax,0,306,-142.0,,-47.98369384979035,1.5174305438995361,,1.5,5.0
Mellowmax DQN,mellowmax,0,307,-164.0,,-52.842769773078686,1.6629207134246826,,1.5,5.0
Mellowmax DQN,mellowmax,0,308,-196.0,,-41.16519888827038,1.5604621171951294,,1.5,5.0
Mellowmax DQN,mellowmax,0,309,-500.0,,-30.016187121391297,0.6546800136566162,,1.5,5.0
Mellowmax DQN,mellowmax,0,310,-173.0,-500.0,-47.83375427640718,1.6429880857467651,-1.8981462001800538,1.5,5.0
Mellowmax DQN,mellowmax,0,311,-198.0,,-48.811332604693405,1.7942869663238525,,1.5,5.0
Mellowmax DQN,mellowmax,0,312,-188.0,,-50.654069284913405,1.5335800647735596,,1.5,5.0
Mellowmax DQN,mellowmax,0,313,-184.0,,-47.52578938458417,1.7607698440551758,,1.5,5.0
Mellowmax DQN,mellowmax,0,314,-142.0,,-47.79733659170724,1.5252070426940918,,1.5,5.0
Mellowmax DQN,mellowmax,0,315,-208.0,,-38.00993167783655,1.6194918155670166,,1.5,5.0
Mellowmax DQN,mellowmax,0,316,-182.0,,-45.48532451273965,1.5526505708694458,,1.5,5.0
Mellowmax DQN,mellowmax,0,317,-202.0,,-40.029380646538854,1.6470894813537598,,1.5,5.0
Mellowmax DQN,mellowmax,0,318,-147.0,,-49.6646145014344,1.515175461769104,,1.5,5.0
Mellowmax DQN,mellowmax,0,319,-175.0,,-39.8145559865304,1.5658721923828125,,1.5,5.0
Mellowmax DQN,mellowmax,0,320,-302.0,-500.0,-28.74869478457045,1.8755223751068115,-1.8981462001800538,1.5,5.0
Mellowmax DQN,mellowmax,0,321,-153.0,,-45.34439829649863,1.7777951955795288,,1.5,5.0
Mellowmax DQN,mellowmax,0,322,-244.0,,-34.26762882799518,1.6405497789382935,,1.5,5.0
Mellowmax DQN,mellowmax,0,323,-134.0,,-48.50882208788836,1.760453224182129,,1.5,5.0
Mellowmax DQN,mellowmax,0,324,-156.0,,-45.28237015502468,1.7541531324386597,,1.5,5.0
Mellowmax DQN,mellowmax,0,325,-143.0,,-50.95774262481265,1.6448538303375244,,1.5,5.0
Mellowmax DQN,mellowmax,0,326,-142.0,,-46.749063565180855,1.7207748889923096,,1.5,5.0
Mellowmax DQN,mellowmax,0,327,-175.0,,-47.95931928266179,1.5877882242202759,,1.5,5.0
Mellowmax DQN,mellowmax,0,328,-193.0,,-36.624068788646426,1.5466628074645996,,1.5,5.0
Mellowmax DQN,mellowmax,0,329,-124.0,,-51.43959982299805,1.503997802734375,,1.5,5.0
Mellowmax DQN,mellowmax,0,330,-142.0,-77.4,-44.40393386270616,1.5179647207260132,1.6639402389526368,1.5,5.0
Mellowmax DQN,mellowmax,0,331,-129.0,,-48.14232773414025,1.9088237285614014,,1.5,5.0
Mellowmax DQN,mellowmax,0,332,-204.0,,-41.5404519665532,1.7409563064575195,,1.5,5.0
Mellowmax DQN,mellowmax,0,333,-130.0,,-47.231140738225164,1.6019442081451416,,1.5,5.0
Mellowmax DQN,mellowmax,0,334,-500.0,,-30.21453617477417,0.8544213771820068,,1.5,5.0
Mellowmax DQN,mellowmax,0,335,-149.0,,-48.27723176558813,1.5502007007598877,,1.5,5.0
Mellowmax DQN,mellowmax,0,336,-132.0,,-50.185107933847526,1.533827304840088,,1.5,5.0
Mellowmax DQN,mellowmax,0,337,-143.0,,-41.969719898576535,1.8527021408081055,,1.5,5.0
Mellowmax DQN,mellowmax,0,338,-141.0,,-42.24669622871238,1.627713680267334,,1.5,5.0
Mellowmax DQN,mellowmax,0,339,-134.0,,-48.2490416376679,1.5702872276306152,,1.5,5.0
Mellowmax DQN,mellowmax,0,340,-214.0,-116.2,-36.00651772160863,1.5383930206298828,1.6988763809204102,1.5,5.0
Mellowmax DQN,mellowmax,0,341,-150.0,,-47.45718776784985,1.6276578903198242,,1.5,5.0
Mellowmax DQN,mellowmax,0,342,-500.0,,-24.919464935302734,0.8786153197288513,,1.5,5.0
Mellowmax DQN,mellowmax,0,343,-126.0,,-48.698314463998386,1.7189013957977295,,1.5,5.0
Mellowmax DQN,mellowmax,0,344,-180.0,,-51.196365311659505,1.8398528099060059,,1.5,5.0
Mellowmax DQN,mellowmax,0,345,-139.0,,-48.843299865722656,1.657193660736084,,1.5,5.0
Mellowmax DQN,mellowmax,0,346,-178.0,,-45.94079664948932,1.5224274396896362,,1.5,5.0
Mellowmax DQN,mellowmax,0,347,-137.0,,-51.67544377368429,1.6928737163543701,,1.5,5.0
Mellowmax DQN,mellowmax,0,348,-107.0,,-49.05056216981676,1.7363089323043823,,1.5,5.0
Mellowmax DQN,mellowmax,0,349,-124.0,,-49.73035079956055,1.6549941301345825,,1.5,5.0
Mellowmax DQN,mellowmax,0,350,-206.0,-500.0,-33.06667134900024,1.6191723346710205,-1.9103537559509278,1.5,5.0
Mellowmax DQN,mellowmax,0,351,-175.0,,-49.42736692591147,1.7329165935516357,,1.5,5.0
Mellowmax DQN,mellowmax,0,352,-159.0,,-49.59223831892014,1.5118083953857422,,1.5,5.0
Mellowmax DQN,mellowmax,0,353,-121.0,,-47.631643019738746,1.821281909942627,,1.5,5.0
Mellowmax DQN,mellowmax,0,354,-147.0,,-43.91674256566409,1.8725435733795166,,1.5,5.0
Mellowmax DQN,mellowmax,0,355,-139.0,,-43.559419830356326,1.9213676452636719,,1.5,5.0
Mellowmax DQN,mellowmax,0,356,-165.0,,-51.518401536596826,1.7089308500289917,,1.5,5.0
Mellowmax DQN,mellowmax,0,357,-151.0,,-49.92536775689376,1.5949668884277344,,1.5,5.0
Mellowmax DQN,mellowmax,0,358,-166.0,,-37.35139543567589,1.9260249137878418,,1.5,5.0
Mellowmax DQN,mellowmax,0,359,-137.0,,-38.82644955036433,1.5611432790756226,,1.5,5.0
Mellowmax DQN,mellowmax,0,360,-135.0,-89.0,-49.05540269963882,1.6872068643569946,1.645410966873169,1.5,5.0
Mellowmax DQN,mellowmax,0,361,-158.0,,-47.9604401026132,1.695863962173462,,1.5,5.0
Mellowmax DQN,mellowmax,0,362,-153.0,,-40.69750140336427,1.6752971410751343,,1.5,5.0
Mellowmax DQN,mellowmax,0,363,-135.0,,-41.79444372916923,1.5835460424423218,,1.5,5.0
Mellowmax DQN,mellowmax,0,364,-147.0,,-47.52204484552951,1.5571067333221436,,1.5,5.0
Mellowmax DQN,mellowmax,0,365,-127.0,,-46.25863326340914,1.7079887390136719,,1.5,5.0
Mellowmax DQN,mellowmax,0,366,-154.0,,-52.6784860703253,1.6073293685913086,,1.5,5.0
Mellowmax DQN,mellowmax,0,367,-147.0,,-46.39706880337483,1.7950623035430908,,1.5,5.0
Mellowmax DQN,mellowmax,0,368,-122.0,,-50.88312341333405,1.698270320892334,,1.5,5.0
Mellowmax DQN,mellowmax,0,369,-95.0,,-50.91586444775263,1.5277351140975952,,1.5,5.0
Mellowmax DQN,mellowmax,0,370,-195.0,-79.2,-36.85390590982778,1.8571856021881104,1.6969427108764648,1.5,5.0
Mellowmax DQN,mellowmax,0,371,-141.0,,-36.19099475653239,1.7559173107147217,,1.5,5.0
Mellowmax DQN,mellowmax,0,372,-115.0,,-50.99116178216605,1.5896222591400146,,1.5,5.0
Mellowmax DQN,mellowmax,0,373,-151.0,,-49.967456585482545,1.6252931356430054,,1.5,5.0
Mellowmax DQN,mellowmax,0,374,-139.0,,-44.03937382187162,1.579786777496338,,1.5,5.0
Mellowmax DQN,mellowmax,0,375,-182.0,,-37.317627284044775,1.598588228225708,,1.5,5.0
Mellowmax DQN,mellowmax,0,376,-135.0,,-44.04240345516626,1.8477871417999268,,1.5,5.0
Mellowmax DQN,mellowmax,0,377,-153.0,,-47.31492636343101,1.700960636138916,,1.5,5.0
Mellowmax DQN,mellowmax,0,378,-123.0,,-45.363148308569386,1.5135505199432373,,1.5,5.0
Mellowmax DQN,mellowmax,0,379,-131.0,,-52.13207911722588,1.5567905902862549,,1.5,5.0
Mellowmax DQN,mellowmax,0,380,-301.0,-117.8,-31.18594861820044,1.745126485824585,1.6989240169525146,1.5,5.0
Mellowmax DQN,mellowmax,0,381,-94.0,,-53.957206344604494,1.5607044696807861,,1.5,5.0
Mellowmax DQN,mellowmax,0,382,-105.0,,-54.33097999500779,1.5400323867797852,,1.5,5.0
Mellowmax DQN,mellowmax,0,383,-125.0,,-46.284470633854944,1.5276985168457031,,1.5,5.0
Mellowmax DQN,mellowmax,0,384,-111.0,,-46.317214131355286,1.5478914976119995,,1.5,5.0
Mellowmax DQN,mellowmax,0,385,-169.0,,-31.45220985061982,1.8461353778839111,,1.5,5.0
Mellowmax DQN,mellowmax,0,386,-500.0,,-32.148225273132326,0.1710338592529297,,1.5,5.0
Mellowmax DQN,mellowmax,0,387,-120.0,,-45.33620234905196,1.7730138301849365,,1.5,5.0
Mellowmax DQN,mellowmax,0,388,-137.0,,-50.65850218655407,1.7898718118667603,,1.5,5.0
Mellowmax DQN,mellowmax,0,389,-141.0,,-46.57783965997293,1.8999600410461426,,1.5,5.0
Mellowmax DQN,mellowmax,0,390,-431.0,-90.8,-31.719442896544933,1.8683364391326904,1.6436459064483642,1.5,5.0
Mellowmax DQN,mellowmax,0,391,-118.0,,-50.51813364028931,1.5791535377502441,,1.5,5.0
Mellowmax DQN,mellowmax,0,392,-139.0,,-41.28739837748664,1.685182809829712,,1.5,5.0
Mellowmax DQN,mellowmax,0,393,-97.0,,-53.209097219973195,1.5741138458251953,,1.5,5.0
Mellowmax DQN,mellowmax,0,394,-161.0,,-41.543313676560366,1.5313875675201416,,1.5,5.0
Mellowmax DQN,mellowmax,0,395,-170.0,,-51.861027840285274,1.8340952396392822,,1.5,5.0
Mellowmax DQN,mellowmax,0,396,-131.0,,-48.8881127762072,1.6254854202270508,,1.5,5.0
Mellowmax DQN,mellowmax,0,397,-214.0,,-36.140802534236464,1.9697726964950562,,1.5,5.0
Mellowmax DQN,mellowmax,0,398,-98.0,,-50.88495994336677,1.7133119106292725,,1.5,5.0
Mellowmax DQN,mellowmax,0,399,-500.0,,-27.590282890290023,1.4043188095092773,,1.5,5.0
Mellowmax DQN,mellowmax,0,400,-156.0,-500.0,-43.78073274481828,1.8845760822296143,-1.8981462001800538,1.5,5.0
Mellowmax DQN,mellowmax,0,401,-129.0,,-44.609474838697,1.7337255477905273,,1.5,5.0
Mellowmax DQN,mellowmax,0,402,-134.0,,-50.03148777573197,1.5955637693405151,,1.5,5.0
Mellowmax DQN,mellowmax,0,403,-221.0,,-39.14553390107713,1.738828420639038,,1.5,5.0
Mellowmax DQN,mellowmax,0,404,-113.0,,-46.0953361444306,1.5527193546295166,,1.5,5.0
Mellowmax DQN,mellowmax,0,405,-155.0,,-40.0465183028808,1.5806670188903809,,1.5,5.0
Mellowmax DQN,mellowmax,0,406,-141.0,,-41.60199240269795,1.6819453239440918,,1.5,5.0
Mellowmax DQN,mellowmax,0,407,-99.0,,-55.28851848602295,1.6270687580108643,,1.5,5.0
Mellowmax DQN,mellowmax,0,408,-145.0,,-43.76144105053111,1.8525861501693726,,1.5,5.0
Mellowmax DQN,mellowmax,0,409,-177.0,,-36.189751923753974,1.9776253700256348,,1.5,5.0
Mellowmax DQN,mellowmax,0,410,-131.0,-92.6,-49.49945491732973,1.6351488828659058,1.7896325588226318,1.5,5.0
Mellowmax DQN,mellowmax,0,411,-111.0,,-52.14433274098805,1.735334038734436,,1.5,5.0
Mellowmax DQN,mellowmax,0,412,-139.0,,-45.42027863774981,1.9166574478149414,,1.5,5.0
Mellowmax DQN,mellowmax,0,413,-138.0,,-43.20218052023606,1.953927755355835,,1.5,5.0
Mellowmax DQN,mellowmax,0,414,-167.0,,-33.77976045438221,1.9171080589294434,,1.5,5.0
Mellowmax DQN,mellowmax,0,415,-102.0,,-46.74589900513297,1.849318027496338,,1.5,5.0
Mellowmax DQN,mellowmax,0,416,-137.0,,-45.0985002172166,1.5415267944335938,,1.5,5.0
Mellowmax DQN,mellowmax,0,417,-129.0,,-42.953025205318745,1.6549463272094727,,1.5,5.0
Mellowmax DQN,mellowmax,0,418,-118.0,,-57.05335073711491,1.6950888633728027,,1.5,5.0
Mellowmax DQN,mellowmax,0,419,-137.0,,-49.19433828022169,1.5144935846328735,,1.5,5.0
Mellowmax DQN,mellowmax,0,420,-102.0,-101.0,-52.56113169031236,1.700753927230835,1.7018270015716552,1.5,5.0
Mellowmax DQN,mellowmax,0,421,-137.0,,-43.067383883655936,1.523598551750183,,1.5,5.0
Mellowmax DQN,mellowmax,0,422,-145.0,,-42.28331114984538,1.6783337593078613,,1.5,5.0
Mellowmax DQN,mellowmax,0,423,-137.0,,-44.040422965650976,1.5121008157730103,,1.5,5.0
Mellowmax DQN,mellowmax,0,424,-146.0,,-43.658171691051145,1.5923298597335815,,1.5,5.0
Mellowmax DQN,mellowmax,0,425,-92.0,,-53.937892852290986,1.5131810903549194,,1.5,5.0
Mellowmax DQN,mellowmax,0,426,-135.0,,-49.18252627989825,1.9404549598693848,,1.5,5.0
Mellowmax DQN,mellowmax,0,427,-327.0,,-33.022638362082766,1.961241364479065,,1.5,5.0
Mellowmax DQN,mellowmax,0,428,-141.0,,-53.1560721028019,1.6262166500091553,,1.5,5.0
Mellowmax DQN,mellowmax,0,429,-107.0,,-50.222157345877754,1.5053563117980957,,1.5,5.0
Mellowmax DQN,mellowmax,0,430,-130.0,-341.2,-45.841367325709975,1.5209107398986816,-0.4043325424194336,1.5,5.0
Mellowmax DQN,mellowmax,0,431,-158.0,,-46.897245865947795,1.550473928451538,,1.5,5.0
Mellowmax DQN,mellowmax,0,432,-173.0,,-46.00744127781912,1.9680137634277344,,1.5,5.0
Mellowmax DQN,mellowmax,0,433,-101.0,,-49.381794892105404,1.8057091236114502,,1.5,5.0
Mellowmax DQN,mellowmax,0,434,-159.0,,-49.12042943835259,1.6886032819747925,,1.5,5.0
Mellowmax DQN,mellowmax,0,435,-143.0,,-46.52838062350121,1.9740066528320312,,1.5,5.0
Mellowmax DQN,mellowmax,0,436,-174.0,,-47.37755645445415,1.5171914100646973,,1.5,5.0
Mellowmax DQN,mellowmax,0,437,-183.0,,-40.60683619490136,1.6941062211990356,,1.5,5.0
Mellowmax DQN,mellowmax,0,438,-158.0,,-38.5110805104926,1.9368667602539062,,1.5,5.0
Mellowmax DQN,mellowmax,0,439,-83.0,,-54.684777827489945,1.5312819480895996,,1.5,5.0
Mellowmax DQN,mellowmax,0,440,-154.0,-500.0,-47.22430878916094,1.748220682144165,-1.9103537559509278,1.5,5.0
Mellowmax DQN,mellowmax,0,441,-101.0,,-51.29816682665956,1.61028254032135,,1.5,5.0
Mellowmax DQN,mellowmax,0,442,-126.0,,-48.83852756938597,1.772841215133667,,1.5,5.0
Mellowmax DQN,mellowmax,0,443,-169.0,,-48.23928622971563,1.8645761013031006,,1.5,5.0
Mellowmax DQN,mellowmax,0,444,-94.0,,-53.06737016376696,1.5667282342910767,,1.5,5.0
Mellowmax DQN,mellowmax,0,445,-124.0,,-48.47802223968506,1.760586142539978,,1.5,5.0
Mellowmax DQN,mellowmax,0,446,-139.0,,-46.24606394597462,1.8348236083984375,,1.5,5.0
Mellowmax DQN,mellowmax,0,447,-158.0,,-39.709995526187825,1.9660520553588867,,1.5,5.0
Mellowmax DQN,mellowmax,0,448,-156.0,,-33.79372526961527,1.5000667572021484,,1.5,5.0
Mellowmax DQN,mellowmax,0,449,-121.0,,-52.09324850019861,1.7225308418273926,,1.5,5.0
Mellowmax DQN,mellowmax,0,450,-131.0,-89.8,-47.15388450478063,1.8420971632003784,1.5745109558105468,1.5,5.0
Mellowmax DQN,mellowmax,0,451,-125.0,,-45.05703996287452,1.574162483215332,,1.5,5.0
Mellowmax DQN,mellowmax,0,452,-111.0,,-48.02244251114981,1.537299633026123,,1.5,5.0
Mellowmax DQN,mellowmax,0,453,-131.0,,-50.26544437986432,1.5690220594406128,,1.5,5.0
Mellowmax DQN,mellowmax,0,454,-173.0,,-36.43622528787317,1.6404156684875488,,1.5,5.0
Mellowmax DQN,mellowmax,0,455,-124.0,,-41.487962982177734,1.6228270530700684,,1.5,5.0
Mellowmax DQN,mellowmax,0,456,-101.0,,-51.53471489513622,1.7045931816101074,,1.5,5.0
Mellowmax DQN,mellowmax,0,457,-124.0,,-47.48687628173828,1.5317145586013794,,1.5,5.0
Mellowmax DQN,mellowmax,0,458,-128.0,,-46.30675399765488,1.606013298034668,,1.5,5.0
Mellowmax DQN,mellowmax,0,459,-126.0,,-40.031144938131014,1.8240898847579956,,1.5,5.0
Mellowmax DQN,mellowmax,0,460,-156.0,-500.0,-40.46739909451479,1.9539425373077393,-1.9954600572586059,1.5,5.0
Mellowmax DQN,mellowmax,0,461,-171.0,,-37.453075118362904,1.5975215435028076,,1.5,5.0
Mellowmax DQN,mellowmax,0,462,-122.0,,-44.853494912628236,1.5621342658996582,,1.5,5.0
Mellowmax DQN,mellowmax,0,463,-98.0,,-49.04103163516883,1.5836787223815918,,1.5,5.0
Mellowmax DQN,mellowmax,0,464,-162.0,,-33.86227063615264,1.818835973739624,,1.5,5.0
Mellowmax DQN,mellowmax,0,465,-132.0,,-47.699543357791754,1.503990888595581,,1.5,5.0
Mellowmax DQN,mellowmax,0,466,-119.0,,-50.05804762840271,1.5790170431137085,,1.5,5.0
Mellowmax DQN,mellowmax,0,467,-116.0,,-46.2971062558329,1.8440868854522705,,1.5,5.0
Mellowmax DQN,mellowmax,0,468,-97.0,,-51.386729512895855,1.5198097229003906,,1.5,5.0
Mellowmax DQN,mellowmax,0,469,-137.0,,-40.40395917322325,1.64982271194458,,1.5,5.0
Mellowmax DQN,mellowmax,0,470,-120.0,-427.0,-45.17942045542819,1.7177181243896484,-1.1563908576965332,1.5,5.0
Mellowmax DQN,mellowmax,0,471,-155.0,,-35.45338020168054,1.9817410707473755,,1.5,5.0
Mellowmax DQN,mellowmax,0,472,-134.0,,-53.50404171413845,1.6643946170806885,,1.5,5.0
Mellowmax DQN,mellowmax,0,473,-119.0,,-51.55340545574824,1.8360199928283691,,1.5,5.0
Mellowmax DQN,mellowmax,0,474,-128.0,,-46.05589522132578,1.546072006225586,,1.5,5.0
Mellowmax DQN,mellowmax,0,475,-104.0,,-50.672376151311965,1.5653936862945557,,1.5,5.0
Mellowmax DQN,mellowmax,0,476,-115.0,,-48.031340155108225,1.915520429611206,,1.5,5.0
Mellowmax DQN,mellowmax,0,477,-112.0,,-48.99359193312383,1.7329511642456055,,1.5,5.0
Mellowmax DQN,mellowmax,0,478,-128.0,,-51.52362684501234,1.7801307439804077,,1.5,5.0
Mellowmax DQN,mellowmax,0,479,-113.0,,-50.49118845086349,1.6826143264770508,,1.5,5.0
Mellowmax DQN,mellowmax,0,480,-109.0,-85.4,-48.31336646946994,1.6166880130767822,1.6204111337661744,1.5,5.0
Mellowmax DQN,mellowmax,0,481,-127.0,,-48.92120124399662,1.8005268573760986,,1.5,5.0
Mellowmax DQN,mellowmax,0,482,-184.0,,-42.1749948777057,1.7723579406738281,,1.5,5.0
Mellowmax DQN,mellowmax,0,483,-107.0,,-46.512420883885135,1.6994922161102295,,1.5,5.0
Mellowmax DQN,mellowmax,0,484,-193.0,,-40.2640821399148,1.8645267486572266,,1.5,5.0
Mellowmax DQN,mellowmax,0,485,-151.0,,-31.04434085637331,1.664278507232666,,1.5,5.0
Mellowmax DQN,mellowmax,0,486,-101.0,,-48.672427373773914,1.5137407779693604,,1.5,5.0
Mellowmax DQN,mellowmax,0,487,-94.0,,-53.093672541568154,1.5265218019485474,,1.5,5.0
Mellowmax DQN,mellowmax,0,488,-103.0,,-51.89948300214914,1.5789332389831543,,1.5,5.0
Mellowmax DQN,mellowmax,0,489,-177.0,,-37.42618777895911,1.5637764930725098,,1.5,5.0
Mellowmax DQN,mellowmax,0,490,-113.0,-500.0,-46.05533471860384,1.5189111232757568,-1.8981462001800538,1.5,5.0
Mellowmax DQN,mellowmax,0,491,-98.0,,-54.720144156253696,1.6150269508361816,,1.5,5.0
Mellowmax DQN,mellowmax,0,492,-124.0,,-48.1915810546875,1.748366355895996,,1.5,5.0
Mellowmax DQN,mellowmax,0,493,-119.0,,-43.44081808129946,1.5988729000091553,,1.5,5.0
Mellowmax DQN,mellowmax,0,494,-101.0,,-53.069607519635966,1.7770072221755981,,1.5,5.0
Mellowmax DQN,mellowmax,0,495,-139.0,,-40.432103318401744,1.8966150283813477,,1.5,5.0
Mellowmax DQN,mellowmax,0,496,-122.0,,-51.790698167754385,1.8173902034759521,,1.5,5.0
Mellowmax DQN,mellowmax,0,497,-161.0,,-43.823547642907975,1.6710634231567383,,1.5,5.0
Mellowmax DQN,mellowmax,0,498,-107.0,,-52.718069058877454,1.6234734058380127,,1.5,5.0
Mellowmax DQN,mellowmax,0,499,-106.0,,-47.65899475712642,1.8901646137237549,,1.5,5.0
Mellowmax DQN,mellowmax,0,500,-116.0,-109.0,-52.74830492948875,1.735908031463623,1.6207037925720216,1.5,5.0
